,nerve_id,label,FMA subclasses (in human nerves),subclass labels
0,ILX:0793723,Auriculotemporal nerve,"['FMA:53002', 'FMA:53001']","['Left auriculotemporal nerve', 'Right auriculotemporal nerve']"
1,ILX:0792409,gray communicating ramus of tenth thoracic nerve,"['FMA:6895', 'FMA:6894']","['Left T10 grey ramus communicans', 'Right T10 grey ramus communicans']"
2,UBERON:0011326,superior laryngeal nerve,"['FMA:53530', 'FMA:53536']","['Right superior laryngeal nerve', 'Left superior laryngeal nerve']"
3,ILX:0793220,white communicating ramus of first lumbar spinal nerve,[],[]
4,ILX:0787082,gray communicating ramus of the first thoracic nerve,"['FMA:6082', 'FMA:6084']","['Right T1 grey ramus communicans', 'Left T1 grey ramus communicans']"
5,ILX:0793809,Clitoral cavernous nerve,[],[]
6,UBERON:0011096,lacrimal nerve,"['FMA:52630', 'FMA:52629']","['Left lacrimal nerve', 'Right lacrimal nerve']"
7,ILX:0793215,white communicating ramus of ninth thoracic spinal nerve,[],[]
8,ILX:0795005,Posterior cutaneous nerve of arm,[],[]
9,UBERON:0001649,glossopharyngeal nerve,"['FMA:50894', 'FMA:50892']","[nan, nan]"
10,UBERON:0022302,short ciliary nerve,[],[]
11,ILX:0785932,gray communicating ramus of third lumbar nerve,"['FMA:65920', 'FMA:65919']","['Left L3 grey ramus communicans', 'Right L3 grey ramus communicans']"
12,ILX:0738293,Ganglioglomerular nerve,[],[]
13,ILX:0739298,gray communicating ramus of twelfth thoracic nerve,[],[]
14,UBERON:0001492,radial nerve,"['FMA:37070', 'FMA:37071']","['Right radial nerve', 'Left radial nerve']"
15,ILX:0793214,white communicating ramus of eighth thoracic spinal nerve,[],[]
16,UBERON:0018681,lesser splanchnic nerve,"['FMA:6957', 'FMA:6958']","['Right lesser splanchnic nerve', 'Left lesser splanchnic nerve']"
17,ILX:0794476,abdominal branch of vagus nerve,[],[]
18,ILX:0791105,gray communicating ramus of the second thoracic nerve,"['FMA:6122', 'FMA:6757']","['Right T2 grey ramus communicans', 'Left T2 grey ramus communicans']"
19,ILX:0794853,esophageal vagus trunk,[],[]
20,ILX:0793210,white communicating ramus of fourth thoracic spinal nerve,[],[]
21,UBERON:0001759,vagus nerve,[],[]
22,UBERON:0009675,chorda tympani branch of facial nerve,[],[]
23,ILX:0794949,recurrent branch of the median nerve,[],[]
24,ILX:0789339,Pharyngeal branch of glossopharyngeal nerve,"['FMA:53495', 'FMA:53494']","['Pharyngeal branch of left glossopharyngeal nerve', 'Pharyngeal branch of right glossopharyngeal nerve']"
25,ILX:0793712,Zygomatic nerve,"['FMA:52968', 'FMA:52969']","['Right zygomatic nerve', 'Left zygomatic nerve']"
26,ILX:0788536,gray communicating ramus of fourth lumbar nerve,"['FMA:65917', 'FMA:65918']","['Right L4 grey ramus communicans', 'Left L4 grey ramus communicans']"
27,UBERON:0018680,greater splanchnic nerve,"['FMA:6956', 'FMA:6955']","['Right greater splanchnic nerve', 'Left greater splanchnic nerve']"
28,UBERON:0001322,sciatic nerve,"['FMA:22111', 'FMA:22112']","['Right sciatic nerve', 'Left sciatic nerve']"
29,ILX:0793209,white communicating ramus of third thoracic spinal nerve,[],[]
30,UBERON:0011391,perineal nerve,"['FMA:21874', 'FMA:21873']","['Left perineal nerve', 'Right perineal nerve']"
31,ILX:0788945,gray communicating ramus of the fourth thoracic nerve,"['FMA:6759', 'FMA:6758']","['Right T4 grey ramus communicans', 'Left T4 grey ramus communicans']"
32,ILX:0790497,Gray communicating ramus of cervicothoracic ganglion to first thoracic spinal nerve,[],[]
33,UBERON:0001323,tibial nerve,"['FMA:22109', 'FMA:22110']","['Right tibial nerve', 'Left tibial nerve']"
34,ILX:0794969,deep branch of ulnar nerve,[],[]
35,ILX:0793227,gray communicating ramus of thirteenth thoracic nerve,[],[]
36,ILX:0793228,gray communicating ramus of first sacral nerve,"['FMA:65992', 'FMA:65991']","['Left S1 grey ramus communicans', 'Right S1 grey ramus communicans']"
37,UBERON:0035111,medial plantar nerve,"['FMA:45435', 'FMA:45434']","['Left medial plantar nerve', 'Right medial plantar nerve']"
38,UBERON:0001780,spinal nerve,"['FMA:6117', 'FMA:6435', 'FMA:6295', 'FMA:6422', 'FMA:6417', 'FMA:6421', 'FMA:6038', 'FMA:6292', 'FMA:6439', 'FMA:6313', 'FMA:6410', 'FMA:6412', 'FMA:6088', 'FMA:6298', 'FMA:6433', 'FMA:6411', 'FMA:6438', 'FMA:6314', 'FMA:6291', 'FMA:6420', 'FMA:6116', 'FMA:6413', 'FMA:6310', 'FMA:6432', 'FMA:6305', 'FMA:6182', 'FMA:6297', 'FMA:6436', 'FMA:6418', 'FMA:6039', 'FMA:6089', 'FMA:6301', 'FMA:6294', 'FMA:6303', 'FMA:6183', 'FMA:6434', 'FMA:6429', 'FMA:6308', 'FMA:6300', 'FMA:6430', 'FMA:6428', 'FMA:6419', 'FMA:6437', 'FMA:6307', 'FMA:6311', 'FMA:6431']","['Left T3 spinal nerve', 'Left S4 spinal nerve', 'Left T5 spinal nerve', 'Left L5 spinal nerve', 'Right L3 spinal nerve', 'Right L5 spinal nerve', 'Right T1 spinal nerve', 'Left T4 spinal nerve', 'Left coccygeal spinal nerve', 'Right T11 spinal nerve', 'Right L1 spinal nerve', 'Right L2 spinal nerve', 'Right T2 spinal nerve', 'Left T6 spinal nerve', 'Left S3 spinal nerve', 'Left L1 spinal nerve', 'Right coccygeal spinal nerve', 'Left T11 spinal nerve', 'Right T4 spinal nerve', 'Left L4 spinal nerve', 'Right T3 spinal nerve', 'Left L2 spinal nerve', 'Right T10 spinal nerve', 'Right S3 spinal nerve', 'Left T8 spinal nerve', 'Right T12 spinal nerve', 'Right T6 spinal nerve', 'Right S5 spinal nerve', 'Left L3 spinal nerve', 'Left T1 spinal nerve', 'Left T2 spinal nerve', 'Left T7 spinal nerve', 'Right T5 spinal nerve', 'Right T8 spinal nerve', 'Left T12 spinal nerve', 'Right S4 spinal nerve', 'Left S1 spinal nerve', 'Left T9 spinal nerve', 'Right T7 spinal nerve', 'Right S2 spinal nerve', 'Right S1 spinal nerve', 'Right L4 spinal nerve', 'Left S5 spinal nerve', 'Right T9 spinal nerve', 'Left T10 spinal nerve', 'Left S2 spinal nerve']"
39,UBERON:0018683,lumbar splanchnic nerve,"['FMA:6924', 'FMA:6928', 'FMA:6929', 'FMA:6931', 'FMA:6925', 'FMA:6930', 'FMA:6927', 'FMA:6926']","['Right first lumbar splanchnic nerve', 'Right third lumbar splanchnic nerve', 'Left third lumbar splanchnic nerve', 'Left fourth lumbar splanchnic nerve', 'Left first lumbar splanchnic nerve', 'Right fourth lumbar splanchnic nerve', 'Left second lumbar splanchnic nerve', 'Right second lumbar splanchnic nerve']"
40,UBERON:0001643,oculomotor nerve,"['FMA:50880', 'FMA:50879']","['Left oculomotor nerve', 'Right oculomotor nerve']"
41,ILX:0793212,white communicating ramus of sixth thoracic spinal nerve,[],[]
42,UBERON:0003724,musculocutaneous nerve,"['FMA:37066', 'FMA:37065']","['Left musculocutaneous nerve', 'Right musculocutaneous nerve']"
43,ILX:0738372,white communicating ramus of first thoracic spinal nerve,[],[]
44,ILX:0793563,splenic nerve,[],[]
45,UBERON:0035526,superficial fibular nerve,"['FMA:45363', 'FMA:45364']","['Right superficial fibular nerve', 'Left superficial fibular nerve']"
46,ILX:0791560,gray communicating ramus of eighth thoracic nerve,"['FMA:6891', 'FMA:6890']","['Left T8 grey ramus communicans', 'Right T8 grey ramus communicans']"
47,ILX:0793827,posterior abdominal vagal trunk,[],[]
48,ILX:0794141,right cervical vagus nerve,[],[]
49,ILX:0793714,Mesenteric nerve,[],[]
50,UBERON:0001964,least splanchnic nerve,"['FMA:6960', 'FMA:6959']","['Left least splanchnic nerve', 'Right least splanchnic nerve']"
51,UBERON:0001267,femoral nerve,"['FMA:16499', 'FMA:16500']","['Right femoral nerve', 'Left femoral nerve']"
52,UBERON:0034984,nerve to quadratus femoris,[],[]
53,UBERON:0003721,lingual nerve,"['FMA:53219', 'FMA:53220']","['Right lingual nerve', 'Left lingual nerve']"
54,UBERON:0036216,tympanic nerve,"['FMA:53481', 'FMA:53482']","['Right tympanic nerve', 'Left tympanic nerve']"
55,ILX:0793216,white communicating ramus of tenth thoracic spinal nerve,[],[]
56,ILX:0793362,White communicating ramus of fourth lumbar anterior ramus,[],[]
57,ILX:0793561,Internal branch of superior laryngeal nerve,"['FMA:53539', 'FMA:53540']","['Right internal laryngeal nerve', 'Left internal laryngeal nerve']"
58,ILX:0738312,Aortic arch depressor nerve,[],[]
59,ILX:0793218,white communicating ramus of twelfth thoracic spinal nerve,[],[]
60,ILX:0738308,External branch of inferior laryngeal nerve,[],[]
61,ILX:0739299,gray communicating ramus of sixth lumbar nerve,[],[]
62,ILX:0793559,bladder nerve,[],[]
63,ILX:0793822,Superior ovarian nerve,[],[]
64,ILX:0793807,Penile cavernous nerve,[],[]
65,UBERON:0011390,pudendal nerve,"['FMA:21863', 'FMA:21864']","['Right pudendal nerve', 'Left pudendal nerve']"
66,UBERON:0008810,nasopalatine nerve,"['FMA:52799', 'FMA:52798']","['Left nasopalatine nerve', 'Right nasopalatine nerve']"
67,ILX:0793219,white communicating ramus of thirteenth thoracic spinal nerve,[],[]
68,ILX:0793632,lumbar colonic nerve,[],[]
69,ILX:0784439,gray communicating ramus of the fifth thoracic nerve,"['FMA:6760', 'FMA:6761']","['Left T5 grey ramus communicans', 'Right T5 grey ramus communicans']"
70,ILX:0794977,deep branch of radial nerve,[],[]
71,UBERON:0001884,phrenic nerve,"['FMA:6193', 'FMA:6192']","['Left phrenic nerve', 'Right phrenic nerve']"
72,UBERON:0035110,lateral plantar nerve,"['FMA:45450', 'FMA:45451']","['Right lateral plantar nerve', 'Left lateral plantar nerve']"
73,ILX:0793711,Communicating branch of zygomatic nerve,[],[]
74,ILX:0793560,External branch of superior laryngeal nerve,"['FMA:53537', 'FMA:53538']","['Right external laryngeal nerve', 'Left external laryngeal nerve']"
75,ILX:0738309,Internal branch of inferior laryngeal nerve,[],[]
76,UBERON:0001021,nerve,"['FMA:6775', 'FMA:6894', 'FMA:6784', 'FMA:6728', 'FMA:65325', 'FMA:21873', 'FMA:45429', 'FMA:6844', 'FMA:53609', 'FMA:7116', 'FMA:44770', 'FMA:8916', 'FMA:52995', 'FMA:6071', 'FMA:45309', 'FMA:6122', 'FMA:6892', 'FMA:6767', 'FMA:16405', 'FMA:53560', 'FMA:6092', 'FMA:65343', 'FMA:37066', 'FMA:8894', 'FMA:8868', 'FMA:65341', 'FMA:53559', 'FMA:8897', 'FMA:82956', 'FMA:20633', 'FMA:6763', 'FMA:65339', 'FMA:8829', 'FMA:16493', 'FMA:8817', 'FMA:8821', 'FMA:11757', 'FMA:45456', 'FMA:45422', 'FMA:11261', 'FMA:65388', 'FMA:6192', 'FMA:65347', 'FMA:37068', 'FMA:65995', 'FMA:6764', 'FMA:39081', 'FMA:45338', 'FMA:53402', 'FMA:11210', 'FMA:52644', 'FMA:37067', 'FMA:65313', 'FMA:11153', 'FMA:6155', 'FMA:8797', 'FMA:53302', 'FMA:8883', 'FMA:53067', 'FMA:52939', 'FMA:53301', 'FMA:292889', 'FMA:45423', 'FMA:8791', 'FMA:45380', 'FMA:11759', 'FMA:7305', 'FMA:8830', 'FMA:78650', 'FMA:65389', 'FMA:45387', 'FMA:8827', 'FMA:8912', 'FMA:52941', 'FMA:6743', 'FMA:7126', 'FMA:53485', 'FMA:16492', 'FMA:53399', 'FMA:65337', 'FMA:11209', 'FMA:6772', 'FMA:52726', 'FMA:6121', 'FMA:52627', 'FMA:52974', 'FMA:53571', 'FMA:6729', 'FMA:8729', 'FMA:53606', 'FMA:80025', 'FMA:53481', 'FMA:53575', 'FMA:45451', 'FMA:11218', 'FMA:22109', 'FMA:6852', 'FMA:8909', 'FMA:11751', 'FMA:65991', 'FMA:8836', 'FMA:65350', 'FMA:53423', 'FMA:65569', 'FMA:65314', 'FMA:82957', 'FMA:65438', 'FMA:39146', 'FMA:8911', 'FMA:22111', 'FMA:65916', 'FMA:65739', 'FMA:65917', 'FMA:6779', 'FMA:8889', 'FMA:65924', 'FMA:65316', 'FMA:53002', 'FMA:16887', 'FMA:53366', 'FMA:6890', 'FMA:8790', 'FMA:6730', 'FMA:45358', 'FMA:52716', 'FMA:53494', 'FMA:7115', 'FMA:53561', 'FMA:78655', 'FMA:45366', 'FMA:11219', 'FMA:11555', 'FMA:7092', 'FMA:53220', 'FMA:45428', 'FMA:6193', 'FMA:20604', 'FMA:45433', 'FMA:21874', 'FMA:21875', 'FMA:53244', 'FMA:45432', 'FMA:6770', 'FMA:52640', 'FMA:11249', 'FMA:20630', 'FMA:53308', 'FMA:11216', 'FMA:65399', 'FMA:78649', 'FMA:11084', 'FMA:6897', 'FMA:53633', 'FMA:6085', 'FMA:6851', 'FMA:45457', 'FMA:6757', 'FMA:8732', 'FMA:8824', 'FMA:20632', 'FMA:6137', 'FMA:52730', 'FMA:7301', 'FMA:52699', 'FMA:53607', 'FMA:7300', 'FMA:53576', 'FMA:44904', 'FMA:65342', 'FMA:7127', 'FMA:6737', 'FMA:52669', 'FMA:21876', 'FMA:45425', 'FMA:65999', 'FMA:8728', 'FMA:21871', 'FMA:55172', 'FMA:6149', 'FMA:45453', 'FMA:44932', 'FMA:292832', 'FMA:6744', 'FMA:6781', 'FMA:44769', 'FMA:45326', 'FMA:6760', 'FMA:53634', 'FMA:53605', 'FMA:53530', 'FMA:6821', 'FMA:52968', 'FMA:53001', 'FMA:11552', 'FMA:45264', 'FMA:8835', 'FMA:6888', 'FMA:55160', 'FMA:44899', 'FMA:52979', 'FMA:45333', 'FMA:45310', 'FMA:6084', 'FMA:11781', 'FMA:82962', 'FMA:53280', 'FMA:52715', 'FMA:53311', 'FMA:16491', 'FMA:21880', 'FMA:44952', 'FMA:11687', 'FMA:11212', 'FMA:65335', 'FMA:52940', 'FMA:6774', 'FMA:8823', 'FMA:45388', 'FMA:6666', 'FMA:6072', 'FMA:16886', 'FMA:53312', 'FMA:65915', 'FMA:45357', 'FMA:11262', 'FMA:65921', 'FMA:0328826', 'FMA:81290', 'FMA:53279', 'FMA:11551', 'FMA:7293', 'FMA:6677', 'FMA:11756', 'FMA:53598', 'FMA:52732', 'FMA:44902', 'FMA:53545', 'FMA:6740', 'FMA:53502', 'FMA:53562', 'FMA:52700', 'FMA:7122', 'FMA:6118', 'FMA:65918', 'FMA:8814', 'FMA:16403', 'FMA:65346', 'FMA:6667', 'FMA:52630', 'FMA:52629', 'FMA:8871', 'FMA:16500', 'FMA:52725', 'FMA:6108', 'FMA:45363', 'FMA:65340', 'FMA:8872', 'FMA:11760', 'FMA:53604', 'FMA:11214', 'FMA:52777', 'FMA:21864', 'FMA:53503', 'FMA:6738', 'FMA:66000', 'FMA:6776', 'FMA:6777', 'FMA:6765', 'FMA:6111', 'FMA:8890', 'FMA:20607', 'FMA:52643', 'FMA:8908', 'FMA:65437', 'FMA:6762', 'FMA:11154', 'FMA:65344', 'FMA:52937', 'FMA:8919', 'FMA:45354', 'FMA:6766', 'FMA:53424', 'FMA:6145', 'FMA:65568', 'FMA:20634', 'FMA:6732', 'FMA:8893', 'FMA:11758', 'FMA:6889', 'FMA:11554', 'FMA:65922', 'FMA:7118', 'FMA:16884', 'FMA:45308', 'FMA:7290', 'FMA:6758', 'FMA:65743', 'FMA:11063', 'FMA:16885', 'FMA:8882', 'FMA:65286', 'FMA:291238', 'FMA:53482', 'FMA:52976', 'FMA:11308', 'FMA:53432', 'FMA:53540', 'FMA:45379', 'FMA:44871', 'FMA:6714', 'FMA:82955', 'FMA:65993', 'FMA:45452', 'FMA:52626', 'FMA:6083', 'FMA:53582', 'FMA:65919', 'FMA:52936', 'FMA:53506', 'FMA:8918', 'FMA:44901', 'FMA:6073', 'FMA:65315', 'FMA:53219', 'FMA:11194', 'FMA:6792', 'FMA:7119', 'FMA:52785', 'FMA:7296', 'FMA:53068', 'FMA:6845', 'FMA:52677', 'FMA:53504', 'FMA:53548', 'FMA:52698', 'FMA:53570', 'FMA:6771', 'FMA:7078', 'FMA:65997', 'FMA:65338', 'FMA:52969', 'FMA:16401', 'FMA:65416', 'FMA:6835', 'FMA:39082', 'FMA:8726', 'FMA:45254', 'FMA:8879', 'FMA:11250', 'FMA:53049', 'FMA:45382', 'FMA:8795', 'FMA:53495', 'FMA:45434', 'FMA:82963', 'FMA:0328827', 'FMA:52656', 'FMA:82961', 'FMA:11753', 'FMA:39147', 'FMA:45339', 'FMA:20605', 'FMA:20631', 'FMA:8898', 'FMA:6070', 'FMA:44892', 'FMA:16404', 'FMA:52942', 'FMA:6082', 'FMA:8861', 'FMA:82953', 'FMA:8808', 'FMA:8805', 'FMA:52994', 'FMA:65348', 'FMA:55173', 'FMA:7129', 'FMA:52674', 'FMA:44894', 'FMA:55159', 'FMA:65327', 'FMA:37320', 'FMA:6761', 'FMA:65349', 'FMA:11253', 'FMA:53507', 'FMA:11213', 'FMA:7307', 'FMA:6769', 'FMA:6759', 'FMA:55155', 'FMA:53675', 'FMA:53599', 'FMA:65282', 'FMA:53251', 'FMA:6731', 'FMA:11111', 'FMA:16497', 'FMA:8878', 'FMA:11211', 'FMA:65740', 'FMA:45367', 'FMA:53588', 'FMA:45365', 'UBERON:0011766', 'FMA:16502', 'FMA:6891', 'FMA:6091', 'FMA:11018', 'FMA:6090', 'FMA:292887', 'FMA:65401', 'FMA:65326', 'FMA:11215', 'FMA:44735', 'FMA:8735', 'FMA:53538', 'FMA:6849', 'FMA:53608', 'FMA:11217', 'FMA:8860', 'FMA:6134', 'FMA:6893', 'FMA:53534', 'FMA:45361', 'FMA:37321', 'FMA:82734', 'FMA:22112', 'FMA:7294', 'FMA:52987', 'FMA:65247', 'FMA:53535', 'FMA:6895', 'FMA:52787', 'FMA:53635', 'FMA:65920', 'FMA:55156', 'FMA:16498', 'FMA:53569', 'FMA:6739', 'FMA:8807', 'FMA:22110', 'FMA:81294', 'FMA:45450', 'FMA:8922', 'FMA:8725', 'FMA:20608', 'FMA:7308', 'FMA:65281', 'FMA:39084', 'FMA:78656', 'FMA:6133', 'FMA:53581', 'FMA:16494', 'FMA:53252', 'FMA:11789', 'FMA:45364', 'FMA:65345', 'FMA:44870', 'FMA:39083', 'FMA:45355', 'FMA:11193', 'FMA:16400', 'FMA:81287', 'FMA:52776', 'FMA:65747', 'FMA:8900', 'UBERON:0011767', 'FMA:45424', 'FMA:292830', 'FMA:44734', 'FMA:45381', 'FMA:82960', 'FMA:0328831', 'FMA:6689', 'FMA:7077', 'FMA:291236', 'FMA:8886', 'FMA:276381', 'FMA:6124', 'FMA:65336', 'FMA:65328', 'FMA:52670', 'FMA:53537', 'FMA:53636', 'FMA:6896', 'FMA:21879', 'FMA:8798', 'FMA:81288', 'FMA:53542', 'FMA:45368', 'FMA:53547', 'FMA:55157', 'FMA:65415', 'FMA:53309', 'FMA:65744', 'FMA:53367', 'FMA:53590', 'FMA:65923', 'FMA:53048', 'FMA:16499', 'FMA:53610', 'FMA:44951', 'FMA:44953', 'FMA:8832', 'FMA:45426', 'FMA:6114', 'FMA:52799', 'FMA:11039', 'FMA:53546', 'FMA:53589', 'FMA:8901', 'FMA:11681', 'FMA:52639', 'FMA:8905', 'FMA:52733', 'FMA:65992', 'FMA:52807', 'FMA:45435', 'FMA:53484', 'FMA:52975', 'FMA:7289', 'FMA:44905', 'FMA:37071', 'FMA:7130', 'FMA:65996', 'FMA:6132', 'FMA:8826', 'FMA:6741', 'FMA:11252', 'FMA:8917', 'FMA:82954', 'FMA:6832', 'FMA:37073', 'FMA:37074', 'FMA:44893', 'FMA:82959', 'FMA:20635', 'FMA:6093', 'FMA:65248', 'FMA:45362', 'FMA:52622', 'FMA:53508', 'FMA:11755', 'FMA:82958', 'FMA:52997', 'FMA:16501', 'FMA:65402', 'FMA:45427', 'FMA:52803', 'FMA:16402', 'FMA:8734', 'FMA:52784', 'FMA:45454', 'FMA:6736', 'FMA:7304', 'FMA:6742', 'FMA:52998', 'FMA:52804', 'FMA:11788', 'FMA:6713', 'FMA:52623', 'FMA:53536', 'FMA:11780', 'FMA:45334', 'FMA:52701', 'FMA:65998', 'FMA:11092', 'FMA:6684', 'FMA:52779', 'FMA:52778', 'FMA:78652', 'FMA:0328830', 'FMA:6733', 'FMA:44950', 'FMA:78653', 'FMA:45455', 'FMA:8864', 'FMA:8833', 'FMA:8876', 'FMA:8867', 'FMA:11752', 'FMA:53541', 'FMA:53611', 'FMA:8904', 'FMA:6745', 'FMA:21863', 'FMA:7297', 'FMA:52676', 'FMA:52798', 'FMA:8818', 'FMA:82735', 'FMA:52657', 'FMA:52786', 'FMA:6773', 'FMA:45253', 'FMA:6127', 'FMA:45263', 'FMA:8875', 'FMA:81295', 'FMA:11754', 'FMA:8812', 'FMA:45311', 'FMA:53568', 'FMA:276379', 'FMA:6842', 'FMA:8794', 'FMA:8820', 'FMA:53572', 'FMA:53409', 'FMA:37070', 'FMA:6119', 'FMA:53433', 'FMA:7123', 'FMA:8811', 'FMA:65444', 'FMA:52806', 'FMA:53245', 'FMA:65285', 'FMA:6768', 'FMA:8731', 'FMA:11220', 'FMA:6778', 'FMA:53509', 'FMA:55158', 'FMA:53567', 'FMA:65994', 'FMA:53539', 'FMA:45327', 'FMA:8865', 'FMA:44898', 'FMA:52673', 'FMA:80026', 'FMA:52980', 'FMA:53505', 'FMA:82952', 'FMA:21872', 'FMA:37065', 'FMA:52988', 'FMA:8815', 'FMA:53398', 'FMA:52729', 'FMA:81289', 'FMA:65398', 'FMA:52977', 'FMA:8887']","['Left T9 white ramus communicans', 'Right T10 grey ramus communicans', 'Right T4 spinal nerve posterior ramus', 'Right fourth intercostal nerve', 'Right anterior interosseous nerve', 'Right perineal nerve', 'Left lateral calcaneal branch A of left sural nerve', 'Right C3 spinal nerve posterior ramus medial branch', 'Oesophageal branch of left recurrent laryngeal nerve', 'Anterior branch of lateral cutaneous branch of left third intercostal nerve', 'Left common plantar digital nerve F', 'Anterior cutaneous branch of right subcostal nerve', 'Left superior labial branch of infraorbital nerve', 'Left T1 spinal nerve posterior ramus', 'Anterior branch of left obturator nerve', 'Right T2 grey ramus communicans', 'Right T9 grey ramus communicans', 'Left T5 white ramus communicans', 'Left L3 spinal nerve posterior ramus lateral branch', 'Communicating branch of left vagus nerve with left glossopharyngeal nerve', 'Right second intercostal nerve', 'Right proper palmar digital nerve G', 'Left musculocutaneous nerve', 'Anterior cutaneous branch of left ninth intercostal nerve', 'Posterior branch of lateral cutaneous branch of left sixth intercostal nerve', 'Right proper palmar digital nerve H', 'Communicating branch of right vagus nerve with right glossopharyngeal nerve', 'Anterior branch of lateral cutaneous branch of right ninth intercostal nerve', 'Right proper plantar digital nerve C', 'Left genital branch of genitofemoral nerve', 'Left T6 grey ramus communicans', 'Right proper palmar digital nerve I', 'Right T12 spinal nerve posterior ramus', 'Right ilioinguinal nerve', 'Right T8 spinal nerve posterior ramus', 'Left T9 spinal nerve posterior ramus', 'Right T11 spinal nerve posterior ramus lateral branch', 'Right proper plantar digital nerve J', 'Right medial sural cutaneous nerve', 'Right T6 spinal nerve posterior ramus medial branch', 'Right lesser occipital nerve', 'Right phrenic nerve', 'Right proper palmar digital nerve E', 'Left median nerve', 'Right S3 grey ramus communicans', 'Right T4 white ramus communicans', 'Right medial cutaneous nerve of forearm', 'Right posterior femoral cutaneous nerve', 'Right vestibular nerve', 'Lateral cutaneous branch of left sixth intercostal nerve', 'Left supratrochlear nerve', 'Right median nerve', 'Anterior branch of right medial cutaneous nerve of forearm', 'Right T5 spinal nerve posterior ramus medial branch', 'Anterior cutaneous branch of right third intercostal nerve', 'Right C6 spinal nerve posterior ramus', 'Temporal branch of left facial nerve', 'Anterior cutaneous branch of left eighth intercostal nerve', 'Right buccal nerve', 'Right middle superior alveolar nerve', 'Temporal branch of right facial nerve', 'Left superficial branch of radial nerve', 'Left medial sural cutaneous nerve', 'Left C4 spinal nerve posterior ramus', 'Left lateral dorsal digital nerve of the third toe', 'Right T12 spinal nerve posterior ramus lateral branch', 'Anterior branch of lateral cutaneous branch of left eleventh intercostal nerve', 'Left T12 spinal nerve posterior ramus', 'Left anterior supraclavicular nerve', 'Left lesser occipital nerve', 'Right deep fibular nerve', 'Left T11 spinal nerve posterior ramus', 'Posterior branch of lateral cutaneous branch of left tenth intercostal nerve', 'Right anterior superior alveolar nerve', 'Left tenth intercostal nerve', 'Anterior branch of lateral cutaneous branch of right fourth intercostal nerve', 'Communicating branch of left glossopharyngeal nerve with auricular branch of left vagus nerve', 'Left iliohypogastric nerve', 'Cervical branch of left facial nerve', 'Right proper palmar digital nerve J', 'Lateral cutaneous branch of right sixth intercostal nerve', 'Right T8 white ramus communicans', 'Left maxillary nerve', 'Left intercostobrachial nerve', 'Left tentorial nerve', 'Right zygomaticotemporal nerve', 'Communicating branch of right internal laryngeal nerve with right recurrent laryngeal nerve', 'Left fourth intercostal nerve', 'Brachial plexus left C7 root', 'Vagal branch to right carotid body', 'Right proper plantar digital nerve G', 'Right tympanic nerve', nan, 'Left lateral plantar nerve', 'Lateral cutaneous branch of left tenth intercostal nerve', 'Right tibial nerve', 'Left third occipital nerve', 'Anterior branch of lateral cutaneous branch of left tenth intercostal nerve', 'Right T8 spinal nerve posterior ramus lateral branch', 'Right S1 grey ramus communicans', 'Left L3 spinal nerve posterior ramus', 'Palmar cutaneous branch of left ulnar nerve', 'Right greater petrosal nerve', 'Left subcostal nerve', 'Anterior branch of left medial cutaneous nerve of forearm', 'Left proper plantar digital nerve C', 'Left C3 spinal nerve branch to left supraclavicular nerve', 'Right posterior cutaneous nerve of forearm', 'Posterior branch of lateral cutaneous branch of right tenth intercostal nerve', 'Right sciatic nerve', 'Left L5 grey ramus communicans', 'Right C4 spinal nerve posterior ramus medial branch', 'Right L4 grey ramus communicans', 'Left T11 white ramus communicans', 'Posterior branch of lateral cutaneous branch of right eighth intercostal nerve', 'Left L1 grey ramus communicans', 'Posterior branch of left medial cutaneous nerve of forearm', 'Left auriculotemporal nerve', 'Left L2 white ramus communicans', 'Marginal mandibular branch of right facial nerve', 'Right T8 grey ramus communicans', 'Right C4 spinal nerve posterior ramus', 'Right fifth intercostal nerve', 'Left common fibular nerve', 'Left posterior ethmoidal nerve', 'Pharyngeal branch of right glossopharyngeal nerve', 'Anterior branch of lateral cutaneous branch of right third intercostal nerve', 'Communicating branch of right external laryngeal nerve with right superior cardiac nerve', 'Right posterior supraclavicular nerve', 'Left medial dorsal cutaneous nerve', 'Lateral cutaneous branch of right eleventh intercostal nerve', 'Posterior branch of lateral cutaneous branch of left subcostal nerve', 'Anterior cutaneous branch of left second intercostal nerve', 'Left lingual nerve', 'Right lateral calcaneal branch A of right sural nerve', 'Left phrenic nerve', 'Right hypogastric nerve', 'Medial calcaneal branch A of left tibial nerve', 'Left perineal nerve', 'Right posterior scrotal nerve', 'Right inferior alveolar nerve', 'Medial calcaneal branch A of right tibial nerve', 'Right T7 white ramus communicans', 'Left frontal nerve', 'Right T1 spinal nerve posterior ramus medial branch', 'Right genitofemoral nerve', 'Zygomatic branch of right facial nerve', 'Lateral cutaneous branch of left ninth intercostal nerve', 'Left C2 spinal nerve branch to left great auricular nerve', 'Right anterior supraclavicular nerve', 'Lateral cutaneous branch of right fourth intercostal nerve', 'Left T11 grey ramus communicans', 'Lingual branch of right vagus nerve', 'Left T1 white ramus communicans', 'Left C3 spinal nerve posterior ramus medial branch', 'Left proper plantar digital nerve J', 'Left T2 grey ramus communicans', 'Brachial plexus left C6 root', 'Left T10 spinal nerve posterior ramus', 'Right genital branch of genitofemoral nerve', 'Anterior cutaneous branch of right first intercostal nerve', 'Left middle meningeal nerve', 'Anterior cutaneous branch of left eleventh intercostal nerve', 'Left infratrochlear nerve', 'Vagal branch to left carotid body', 'Anterior cutaneous branch of right eleventh intercostal nerve', nan, 'Right proper palmar digital nerve B', 'Left proper palmar digital nerve H', 'Anterior branch of lateral cutaneous branch of left fourth intercostal nerve', 'Left seventh intercostal nerve', 'Right nasociliary nerve', 'Left posterior scrotal nerve', 'Left sural nerve', 'Right S5 grey ramus communicans', 'Brachial plexus right C7 root', 'Right inferior rectal nerve', 'Right transverse cervical nerve', 'Anterior cutaneous branch of left third intercostal nerve', 'Left proper plantar digital nerve H', 'Superficial branch of left ulnar nerve', 'Dorsal branch of left ulnar nerve', 'Right eleventh intercostal nerve', 'Right T2 white ramus communicans', 'Right common plantar digital nerve F', 'Infrapatellar branch of right saphenous nerve', 'Left T5 grey ramus communicans', 'Lingual branch of left vagus nerve', 'Thoracic cardiac branch of left vagus nerve', 'Right superior laryngeal nerve', 'Right C2 spinal nerve posterior ramus', 'Right zygomatic nerve', 'Right auriculotemporal nerve', 'Anterior branch of lateral cutaneous branch of left subcostal nerve', 'Left saphenous nerve', 'Right L3 spinal nerve posterior ramus', 'Right T7 grey ramus communicans', 'Left great auricular nerve posterior branch', 'Left proper palmar digital nerve A', 'Right infraorbital nerve', 'Cutaneous branch of right obturator nerve', 'Posterior branch of right obturator nerve', 'Left T1 grey ramus communicans', 'Right T12 white ramus communicans', 'Right proper plantar digital nerve F', 'Left posterior auricular nerve', 'Right posterior ethmoidal nerve', 'Buccal branch of right facial nerve', 'Right iliohypogastric nerve', 'Left dorsal nerve of penis', 'Right inferior lateral cutaneous nerve of arm', 'Left T7 spinal nerve posterior ramus lateral branch', 'Lateral cutaneous branch of left seventh intercostal nerve', 'Right posterior interosseous nerve', 'Left middle superior alveolar nerve', 'Right T9 white ramus communicans', 'Right T10 spinal nerve posterior ramus', 'Left deep fibular nerve', 'Hepatic branch of anterior vagal trunk', 'Left first intercostal nerve', 'Right L2 white ramus communicans', 'Buccal branch of left facial nerve', 'Right L5 grey ramus communicans', 'Right common fibular nerve', 'Left T6 spinal nerve posterior ramus medial branch', 'Right L2 grey ramus communicans', 'Right deep petrosal nerve', 'Left axillary nerve posterior branch', 'Right posterior auricular nerve', 'Anterior branch of lateral cutaneous branch of right subcostal nerve', 'Anterior branch of lateral cutaneous branch of right fifth intercostal nerve', 'Pyloric branch of greater posterior gastric nerve', 'Left T10 spinal nerve posterior ramus lateral branch', 'Superior cervical cardiac branch of right vagus nerve', 'Ganglionic branch of right maxillary nerve to pterygopalatine ganglion', 'Left proper palmar digital nerve C', 'Right superior cervical cardiac nerve', 'Right ninth intercostal nerve', 'Right lesser petrosal nerve', 'Communicating branch of left external laryngeal nerve with left superior cardiac nerve', 'Right long ciliary nerve B', 'Anterior cutaneous branch of right fourth intercostal nerve', 'Right third intercostal nerve', 'Left L4 grey ramus communicans', 'Right T7 spinal nerve posterior ramus', 'Left L2 spinal nerve posterior ramus lateral branch', 'Left proper palmar digital nerve F', 'Coeliac branch of posterior vagal trunk', 'Left lacrimal nerve', 'Right lacrimal nerve', 'Anterior cutaneous branch of right seventh intercostal nerve', 'Left femoral nerve', 'Right maxillary nerve', 'Lateral cutaneous branch of right third intercostal nerve', 'Right superficial fibular nerve', 'Left proper palmar digital nerve I', 'Anterior cutaneous branch of left seventh intercostal nerve', 'Left T12 spinal nerve posterior ramus lateral branch', 'Thoracic cardiac branch of right vagus nerve', 'Lateral cutaneous branch of left eighth intercostal nerve', 'Orbital branch of left maxillary nerve to left ethmoidal sinus', 'Left pudendal nerve', 'Left lesser petrosal nerve', 'Right eighth intercostal nerve', 'Left S5 grey ramus communicans', 'Right T10 white ramus communicans', 'Left T10 white ramus communicans', 'Left T4 white ramus communicans', 'Lateral cutaneous branch of left third intercostal nerve', 'Posterior branch of lateral cutaneous branch of left eighth intercostal nerve', 'Lateral cutaneous branch of right iliohypogastric nerve', 'Right supratrochlear nerve', 'Anterior branch of lateral cutaneous branch of right tenth intercostal nerve', 'Right C3 spinal nerve branch to right supraclavicular nerve', 'Right T6 grey ramus communicans', 'Left T5 spinal nerve posterior ramus medial branch', 'Left proper palmar digital nerve G', 'Left posterior superior alveolar nerve', 'Lateral cutaneous branch of left subcostal nerve', 'Gluteal branch A of right posterior femoral cutaneous nerve', 'Right T5 white ramus communicans', 'Left greater petrosal nerve', 'Left T3 spinal nerve posterior ramus', 'Right subcostal nerve', 'Right femoral branch of genitofemoral nerve', 'Right sixth intercostal nerve', 'Anterior cutaneous branch of right ninth intercostal nerve', 'Left T11 spinal nerve posterior ramus lateral branch', 'Left T7 grey ramus communicans', 'Posterior branch of lateral cutaneous branch of right subcostal nerve', 'Left L2 grey ramus communicans', 'Posterior branch of lateral cutaneous branch of right third intercostal nerve', 'Right L1 white ramus communicans', 'Anterior branch of right obturator nerve', 'Anterior cutaneous branch of left fifth intercostal nerve', 'Left T4 grey ramus communicans', 'Right C5 spinal nerve posterior ramus medial branch', 'Right T4 spinal nerve posterior ramus medial branch', 'Left L1 white ramus communicans', 'Anterior cutaneous branch of right eighth intercostal nerve', 'Left subclavian nerve', 'Pericardial branch of left phrenic nerve', 'Left tympanic nerve', 'Right zygomaticofacial nerve', 'Right intercostobrachial nerve', 'Right cochlear nerve', 'Left internal laryngeal nerve', 'Right lateral dorsal digital nerve of the third toe', 'Left proper palmar digital nerve D', 'Inferior cervical cardiac branch of left vagus nerve', 'Left proper plantar digital nerve B', 'Right S2 grey ramus communicans', 'Right proper plantar digital nerve H', 'Right tentorial nerve', 'Right T1 white ramus communicans', 'Inferior ramus of left internal laryngeal nerve', 'Right L3 grey ramus communicans', 'Right posterior superior alveolar nerve', 'Tonsillar branch of right glossopharyngeal nerve', 'Lateral cutaneous branch of right subcostal nerve', 'Right proper palmar digital nerve C', 'Right first intercostal nerve', 'Posterior branch of right medial cutaneous nerve of forearm', 'Right lingual nerve', 'Lateral cutaneous branch of right fifth intercostal nerve', 'Left T4 spinal nerve posterior ramus', 'Posterior branch of lateral cutaneous branch of left third intercostal nerve', 'Right posterior superior lateral nasal branch of maxillary nerve', 'Posterior branch of lateral cutaneous branch of right fifth intercostal nerve', 'Left buccal nerve', 'Right third occipital nerve', 'Left anterior ethmoidal nerve', 'Right lingual branch of glossopharyngeal nerve', 'Left laryngopharyngeal branch of superior cervical ganglion', 'Right infratrochlear nerve', 'Left external laryngeal nerve branch to pharyngeal plexus', 'Left T7 white ramus communicans', 'Left L1 spinal nerve posterior ramus', 'Right S4 grey ramus communicans', 'Left proper palmar digital nerve J', 'Left zygomatic nerve', 'Left L1 spinal nerve posterior ramus lateral branch', nan, 'Left greater occipital nerve', 'Left medial cutaneous nerve of forearm', 'Brachial plexus left C8 root', 'Left anterior femoral cutaneous branch A', 'Posterior branch of lateral cutaneous branch of left seventh intercostal nerve', 'Left T1 spinal nerve posterior ramus medial branch', 'Left meningeal branch of mandibular nerve', 'Left medial dorsal digital nerve of the fourth toe', 'Left C5 spinal nerve posterior ramus', 'Pharyngeal branch of left glossopharyngeal nerve', 'Right medial plantar nerve', 'Left proper plantar digital nerve F', 'Left deep petrosal nerve', 'Right supraorbital nerve', 'Left proper plantar digital nerve E', 'Right T9 spinal nerve posterior ramus lateral branch', 'Left posterior cutaneous nerve of forearm', 'Left posterior femoral cutaneous nerve', 'Left hypogastric nerve', 'Left genitofemoral nerve', 'Anterior branch of lateral cutaneous branch of left ninth intercostal nerve', 'Right T1 spinal nerve posterior ramus', 'Right common palmar digital nerve A', 'Right L3 spinal nerve posterior ramus lateral branch', 'Left anterior superior alveolar nerve', 'Right T1 grey ramus communicans', 'Anterior cutaneous branch of left sixth intercostal nerve', 'Left proper plantar digital nerve A', 'Left T5 spinal nerve posterior ramus', 'Right T3 spinal nerve posterior ramus', 'Right superior labial branch of infraorbital nerve', 'Left proper palmar digital nerve E', 'Left transverse cervical nerve', 'Posterior branch of lateral cutaneous branch of right fourth intercostal nerve', 'Left communicating branch of nasociliary nerve with ciliary ganglion', 'Superficial branch of right ulnar nerve', 'Right great auricular nerve posterior branch', 'Palmar branch of right median nerve', 'Right ulnar nerve', 'Right T5 grey ramus communicans', 'Palmar cutaneous branch of right ulnar nerve', 'Left T2 spinal nerve posterior ramus medial branch', 'Tonsillar branch of left glossopharyngeal nerve', 'Lateral cutaneous branch of right eighth intercostal nerve', 'Posterior branch of lateral cutaneous branch of right eleventh intercostal nerve', 'Left T6 white ramus communicans', 'Right T4 grey ramus communicans', nan, 'Branch of right vagus nerve to oesophageal nerve plexus', 'Superior cervical cardiac branch of left vagus nerve', 'Left long thoracic nerve', 'Right mental nerve', 'Left fifth intercostal nerve', 'Lateral cutaneous branch of left fourth intercostal nerve', 'Right lateral femoral cutaneous nerve', 'Posterior branch of lateral cutaneous branch of right seventh intercostal nerve', 'Lateral cutaneous branch of right seventh intercostal nerve', 'Left C4 spinal nerve posterior ramus medial branch', 'Right intermediate dorsal cutaneous nerve', nan, 'Right medial dorsal cutaneous nerve', 'Left recurrent laryngeal nerve', 'Left obturator nerve', 'Left T8 grey ramus communicans', 'Right T2 spinal nerve posterior ramus', 'Right T3 spinal nerve posterior ramus medial branch', 'Left T2 spinal nerve posterior ramus', 'Right superficial branch of radial nerve', 'Right C3 spinal nerve branch to right great auricular nerve', 'Left anterior interosseous nerve', 'Lateral cutaneous branch of right ninth intercostal nerve', 'Left common plantar digital nerve E', 'Brachial plexus left C5 root', 'Left external laryngeal nerve', 'Left C3 spinal nerve posterior ramus', 'Oesophageal branch of right recurrent laryngeal nerve', 'Lateral cutaneous branch of right tenth intercostal nerve', 'Anterior cutaneous branch of right sixth intercostal nerve', 'Right T3 white ramus communicans', 'Left T9 grey ramus communicans', 'Auricular branch of right vagus nerve', 'Right lateral sural cutaneous nerve', 'Left ulnar nerve', 'Right long ciliary nerve A', 'Left sciatic nerve', 'Anterior branch of lateral cutaneous branch of left fifth intercostal nerve', 'Right inferior palpebral branch of infraorbital nerve', 'Right medial cutaneous nerve of arm', 'Auricular branch of left vagus nerve', 'Left T10 grey ramus communicans', 'Left medial posterior superior nasal nerve', 'Pharyngeal branch of right vagus nerve to pharyngeal nerve plexus', 'Left L3 grey ramus communicans', nan, 'Left lateral femoral cutaneous nerve', 'Right external laryngeal nerve branch to pharyngeal plexus', 'Left eighth intercostal nerve', 'Right T5 spinal nerve posterior ramus', 'Left tibial nerve', 'Right superior lateral cutaneous nerve of arm', 'Right lateral plantar nerve', 'Anterior cutaneous branch of left first intercostal nerve', 'Brachial plexus right C8 root', 'Lateral cutaneous branch of left iliohypogastric nerve', 'Posterior branch of lateral cutaneous branch of left eleventh intercostal nerve', 'Right long thoracic nerve', 'Left lateral cutaneous nerve of forearm', 'Left posterior supraclavicular nerve', 'Left T3 grey ramus communicans', nan, 'Left ilioinguinal nerve', 'Left mental nerve', 'Left T12 white ramus communicans', 'Left superficial fibular nerve', 'Right proper palmar digital nerve F', 'Right proper palmar digital nerve D', 'Right lateral cutaneous nerve of forearm', 'Gluteal branch A of left posterior femoral cutaneous nerve', 'Lateral cutaneous branch of left fifth intercostal nerve', 'Right L1 spinal nerve posterior ramus lateral branch', 'Right axillary nerve anterior branch', 'Orbital branch of right maxillary nerve to right ethmoidal sinus', 'Right C6 spinal nerve posterior ramus medial branch', 'Posterior branch of lateral cutaneous branch of right ninth intercostal nerve', 'Right recurrent laryngeal nerve', 'Right sural nerve', 'Dorsal branch of right ulnar nerve', 'Right common plantar digital nerve E', 'Right medial dorsal digital nerve of the fourth toe', 'Right proper plantar digital nerve E', 'Left caroticotympanic nerve', 'Greater posterior gastric nerve', 'Right L1 spinal nerve posterior ramus', 'Pericardial branch of right phrenic nerve', 'Anterior branch of lateral cutaneous branch of right eighth intercostal nerve', 'Left incisive branch of inferior alveolar nerve', 'Right T3 grey ramus communicans', 'Left posterior interosseous nerve', 'Palmar branch of left median nerve', 'Left nasociliary nerve', 'Right external laryngeal nerve', 'Pharyngeal branch of left vagus nerve to pharyngeal nerve plexus', 'Right T11 grey ramus communicans', 'Right dorsal nerve of penis', 'Left C6 spinal nerve posterior ramus', 'Left axillary nerve anterior branch', 'Meningeal branch of left vagus nerve', 'Left intermediate dorsal cutaneous nerve', 'Right laryngopharyngeal branch of superior cervical ganglion', 'Right great auricular nerve anterior branch', nan, 'Zygomatic branch of left facial nerve', 'Left C5 spinal nerve posterior ramus medial branch', 'Marginal mandibular branch of left facial nerve', nan, 'Right L1 grey ramus communicans', 'Right meningeal branch of mandibular nerve', 'Right femoral nerve', 'Tracheal branch of right recurrent laryngeal nerve', 'Left posterior cutaneous nerve of arm', 'Left inferior lateral cutaneous nerve of arm', 'Right L2 spinal nerve posterior ramus', 'Right lateral dorsal cutaneous nerve', 'Anterior cutaneous branch of right second intercostal nerve', 'Left nasopalatine nerve', 'Left T3 spinal nerve posterior ramus medial branch', 'Left superior cervical cardiac nerve', nan, 'Posterior branch of lateral cutaneous branch of left ninth intercostal nerve', 'Right T7 spinal nerve posterior ramus lateral branch', 'Right frontal nerve', 'Anterior cutaneous branch of left tenth intercostal nerve', 'Ganglionic branch of left maxillary nerve to pterygopalatine ganglion', 'Left S1 grey ramus communicans', 'Left lesser palatine nerve', 'Left medial plantar nerve', 'Communicating branch of right glossopharyngeal nerve with auricular branch of right vagus nerve', 'Left zygomaticotemporal nerve', 'Anterior cutaneous branch of right fifth intercostal nerve', 'Left proper palmar digital nerve B', 'Left radial nerve', 'Posterior branch of lateral cutaneous branch of left fourth intercostal nerve', 'Left S3 grey ramus communicans', 'Left T3 white ramus communicans', 'Right T11 spinal nerve posterior ramus', 'Left ninth intercostal nerve', 'Right T2 spinal nerve posterior ramus medial branch', 'Anterior cutaneous branch of left subcostal nerve', 'Right proper plantar digital nerve B', 'Left C2 spinal nerve posterior ramus', 'Right axillary nerve', 'Left axillary nerve', 'Left common palmar digital nerve A', 'Left proper plantar digital nerve D', 'Left femoral branch of genitofemoral nerve', 'Left second intercostal nerve', 'Left medial cutaneous nerve of arm', 'Left lateral sural cutaneous nerve', 'Right ophthalmic nerve', 'Right carotid sinus nerve', 'Right T10 spinal nerve posterior ramus lateral branch', 'Right proper plantar digital nerve D', 'Right mandibular nerve', 'Right obturator nerve', 'Left C3 spinal nerve branch to left great auricular nerve', 'Left lateral dorsal cutaneous nerve', 'Right greater palatine nerve', 'Right L2 spinal nerve posterior ramus lateral branch', 'Brachial plexus right C5 root', 'Left posterior superior lateral nasal branch of maxillary nerve', 'Right proper plantar digital nerve I', 'Right seventh intercostal nerve', 'Anterior branch of lateral cutaneous branch of right eleventh intercostal nerve', 'Right tenth intercostal nerve', 'Left mandibular nerve', 'Left greater palatine nerve', 'Left T12 grey ramus communicans', 'Inferior cervical cardiac branch of right vagus nerve', 'Left ophthalmic nerve', 'Left superior laryngeal nerve', 'Right T12 grey ramus communicans', 'Cutaneous branch of left obturator nerve', 'Left long ciliary nerve B', 'Left S4 grey ramus communicans', 'Left T4 spinal nerve posterior ramus medial branch', 'Greater anterior gastric nerve', 'Orbital branch of left maxillary nerve to left sphenoidal sinus', 'Orbital branch of right maxillary nerve to right sphenoidal sinus', 'Right middle supraclavicular nerve', 'Right caroticotympanic nerve', 'Left sixth intercostal nerve', 'Right posterior cutaneous nerve of arm', 'Left middle supraclavicular nerve', 'Left proper plantar digital nerve I', 'Anterior branch of lateral cutaneous branch of right sixth intercostal nerve', 'Left L2 spinal nerve posterior ramus', 'Anterior branch of lateral cutaneous branch of left seventh intercostal nerve', 'Posterior branch of lateral cutaneous branch of right sixth intercostal nerve', 'Left T8 spinal nerve posterior ramus lateral branch', 'Meningeal branch of right vagus nerve', 'Tracheal branch of left recurrent laryngeal nerve', 'Anterior cutaneous branch of right tenth intercostal nerve', 'Left eleventh intercostal nerve', 'Right pudendal nerve', 'Posterior branch of lateral cutaneous branch of left fifth intercostal nerve', 'Right anterior ethmoidal nerve', 'Right nasopalatine nerve', 'Left T8 spinal nerve posterior ramus', 'Left long ciliary nerve A', 'Left supraorbital nerve', 'Right medial posterior superior nasal nerve', 'Left T8 white ramus communicans', 'Right anterior femoral cutaneous branch A', 'Left T2 white ramus communicans', 'Right saphenous nerve', 'Anterior branch of lateral cutaneous branch of right seventh intercostal nerve', 'Left superior lateral cutaneous nerve of arm', 'Left T9 spinal nerve posterior ramus lateral branch', 'Left T6 spinal nerve posterior ramus', 'Posterior branch of left obturator nerve', 'Left external laryngeal nerve branch to inferior pharyngeal constrictor', 'Right incisive branch of inferior alveolar nerve', 'Right C3 spinal nerve posterior ramus', 'Right C5 spinal nerve posterior ramus', 'Right T9 spinal nerve posterior ramus', 'Communicating branch of left internal laryngeal nerve with left recurrent laryngeal nerve', 'Left vestibular nerve', 'Right radial nerve', 'Left third intercostal nerve', 'Left cochlear nerve', 'Anterior cutaneous branch of left fourth intercostal nerve', 'Right T6 spinal nerve posterior ramus', 'Right greater occipital nerve', 'Right lesser palatine nerve', 'Left inferior alveolar nerve', 'Right subclavian nerve', 'Right T6 white ramus communicans', 'Brachial plexus right C6 root', 'Lateral cutaneous branch of left eleventh intercostal nerve', 'Right T11 white ramus communicans', 'Left carotid sinus nerve', 'Left great auricular nerve anterior branch', 'Right external laryngeal nerve branch to inferior pharyngeal constrictor', 'Left S2 grey ramus communicans', 'Right internal laryngeal nerve', 'Infrapatellar branch of left saphenous nerve', 'Anterior branch of lateral cutaneous branch of left sixth intercostal nerve', 'Right proper palmar digital nerve A', 'Right communicating branch of nasociliary nerve with ciliary ganglion', 'Left proper plantar digital nerve G', 'Left infraorbital nerve', 'Left lingual branch of glossopharyngeal nerve', 'Right proper plantar digital nerve A', 'Left inferior rectal nerve', 'Right musculocutaneous nerve', 'Left inferior palpebral branch of infraorbital nerve', 'Left T7 spinal nerve posterior ramus', 'Cervical branch of right facial nerve', 'Right middle meningeal nerve', 'Right axillary nerve posterior branch', 'Right C2 spinal nerve branch to right great auricular nerve', 'Left zygomaticofacial nerve', 'Anterior branch of lateral cutaneous branch of left eighth intercostal nerve']"
77,UBERON:0001647,facial nerve,"['FMA:50888', 'FMA:50889']","['Right facial nerve', 'Left facial nerve']"
78,UBERON:0001148,median nerve,"['FMA:37067', 'FMA:37068']","['Right median nerve', 'Left median nerve']"
79,UBERON:0009009,carotid sinus nerve,"['FMA:53508', 'FMA:53509']","['Right carotid sinus nerve', 'Left carotid sinus nerve']"
80,UBERON:0003715,splanchnic nerve,"['FMA:6924', 'FMA:6928', 'FMA:6929', 'FMA:6931', 'FMA:6930', 'FMA:6960', 'FMA:6958', 'FMA:6959', 'FMA:6925', 'FMA:6956', 'FMA:6927', 'FMA:6955', 'FMA:6926', 'FMA:6957']","['Right first lumbar splanchnic nerve', 'Right third lumbar splanchnic nerve', 'Left third lumbar splanchnic nerve', 'Left fourth lumbar splanchnic nerve', 'Right fourth lumbar splanchnic nerve', 'Left least splanchnic nerve', 'Left lesser splanchnic nerve', 'Right least splanchnic nerve', 'Left first lumbar splanchnic nerve', 'Right greater splanchnic nerve', 'Left second lumbar splanchnic nerve', 'Left greater splanchnic nerve', 'Right second lumbar splanchnic nerve', 'Right lesser splanchnic nerve']"
81,ILX:0793826,anterior abdominal vagal trunk,[],[]
82,UBERON:0001650,hypoglossal nerve,[],[]
83,ILX:0794967,posterior interosseous nerve,[],[]
84,ILX:0793713,Deep petrosal nerve,"['FMA:0328827', 'FMA:0328826']","['Left deep petrosal nerve', 'Right deep petrosal nerve']"
85,ILX:0793361,white communicating ramus of third lumbar spinal nerve,[],[]
86,ILX:0787562,gray communicating ramus of the third thoracic nerve,"['FMA:6133', 'FMA:6124']","['Left T3 grey ramus communicans', 'Right T3 grey ramus communicans']"
87,ILX:0793211,white communicating ramus of fifth thoracic spinal nerve,[],[]
88,UBERON:0018679,thoracic splanchnic nerve,"['FMA:6958', 'FMA:6960', 'FMA:6955', 'FMA:6959', 'FMA:6957', 'FMA:6956']","['Left lesser splanchnic nerve', 'Left least splanchnic nerve', 'Left greater splanchnic nerve', 'Right least splanchnic nerve', 'Right lesser splanchnic nerve', 'Right greater splanchnic nerve']"
89,ILX:0731969,least splanchnic nerve,"['FMA:6960', 'FMA:6959']","['Left least splanchnic nerve', 'Right least splanchnic nerve']"
90,ILX:0788771,gray communicating ramus of seventh thoracic nerve,"['FMA:6888', 'FMA:6889']","['Right T7 grey ramus communicans', 'Left T7 grey ramus communicans']"
91,UBERON:0022301,long ciliary nerve,"['FMA:52701', 'FMA:52700', 'FMA:82734', 'FMA:82735']","['Left long ciliary nerve B', 'Right long ciliary nerve B', 'Right long ciliary nerve A', 'Left long ciliary nerve A']"
92,ILX:0793221,white communicating ramus of second lumbar spinal nerve,[],[]
93,ILX:0785825,gray communicating ramus of first lumbar nerve,"['FMA:65924', 'FMA:65923']","['Left L1 grey ramus communicans', 'Right L1 grey ramus communicans']"
94,ILX:0793208,white communicating ramus of second thoracic spinal nerve,[],[]
95,UBERON:0018412,vidian nerve,[],[]
96,ILX:0739303,gray communicating ramus of second thoracic nerve,[],[]
97,ILX:0795006,Suboccipital nerve,[],[]
98,ILX:0785733,gray communicating ramus of second lumbar nerve,"['FMA:65921', 'FMA:65922']","['Right L2 grey ramus communicans', 'Left L2 grey ramus communicans']"
99,UBERON:0035207,deep fibular nerve,"['FMA:45387', 'FMA:45388']","['Right deep fibular nerve', 'Left deep fibular nerve']"
100,ILX:0739304,gray communicating ramus of third thoracic nerve,[],[]
101,UBERON:0002019,accessory XI nerve,"['FMA:50899', 'FMA:50897']","['Left accessory nerve', 'Right accessory nerve']"
102,ILX:0793217,white communicating ramus of eleventh thoracic spinal nerve,[],[]
103,ILX:0793722,Lesser petrosal nerve,"['FMA:53503', 'FMA:53502']","['Left lesser petrosal nerve', 'Right lesser petrosal nerve']"
104,UBERON:0018675,pelvic splanchnic nerve,[],[]
105,ILX:0793702,Greater petrosal nerve,"['FMA:53423', 'FMA:53424']","['Right greater petrosal nerve', 'Left greater petrosal nerve']"
106,ILX:0794916,white ramus communicans,[],[]
107,UBERON:0003716,Recurrent Laryngeal Nerve,"['UBERON:0011766', 'UBERON:0011767']","['Left recurrent laryngeal nerve', 'Right recurrent laryngeal nerve']"
108,UBERON:0005465,obturator nerve,"['FMA:16501', 'FMA:16502']","['Right obturator nerve', 'Left obturator nerve']"
109,ILX:0793213,white communicating ramus of seventh thoracic spinal nerve,[],[]
110,ILX:0785067,gray communicating ramus of eleventh thoracic nerve,"['FMA:6897', 'FMA:6896']","['Left T11 grey ramus communicans', 'Right T11 grey ramus communicans']"
111,UBERON:0001494,ulnar nerve,"['FMA:37320', 'FMA:37321']","['Right ulnar nerve', 'Left ulnar nerve']"
112,ILX:0794959,posterior rami lower cervical nerves,[],[]
113,UBERON:0001493,axillary nerve,"['FMA:37074', 'FMA:37073']","['Left axillary nerve', 'Right axillary nerve']"
114,ILX:0787946,gray communicating ramus of sixth thoracic nerve,"['FMA:6762', 'FMA:6763']","['Right T6 grey ramus communicans', 'Left T6 grey ramus communicans']"
115,ILX:0785542,gray communicating ramus of ninth thoracic nerve,"['FMA:6892', 'FMA:6893']","['Right T9 grey ramus communicans', 'Left T9 grey ramus communicans']"
