,nerve id,label,covered,subclasses,subclass labels
0,UBERON:0001759,vagus nerve,False,[],[]
1,ILX:0738312,Aortic arch depressor nerve,False,[],[]
2,ILX:0793210,white communicating ramus of fourth thoracic spinal nerve,False,[],[]
3,ILX:0793212,white communicating ramus of sixth thoracic spinal nerve,False,[],[]
4,ILX:0793211,white communicating ramus of fifth thoracic spinal nerve,False,[],[]
5,ILX:0793208,white communicating ramus of second thoracic spinal nerve,False,[],[]
6,ILX:0793209,white communicating ramus of third thoracic spinal nerve,False,[],[]
7,ILX:0787562,gray communicating ramus of the third thoracic nerve,False,"['FMA:6124', 'FMA:6133']","['Gray communicating ramus of right third intercostal nerve', 'Gray communicating ramus of left third intercostal nerve']"
8,ILX:0787946,gray communicating ramus of sixth thoracic nerve,False,"['FMA:6762', 'FMA:6763']","['Gray communicating ramus of right sixth intercostal nerve', 'Gray communicating ramus of left sixth intercostal nerve']"
9,ILX:0784439,gray communicating ramus of the fifth thoracic nerve,False,"['FMA:6760', 'FMA:6761']","['Gray communicating ramus of left fifth intercostal nerve', 'Gray communicating ramus of right fifth intercostal nerve']"
10,ILX:0791105,gray communicating ramus of the second thoracic nerve,False,"['FMA:6122', 'FMA:6757']","['Gray communicating ramus of right second intercostal nerve', 'Gray communicating ramus of left second intercostal nerve']"
11,ILX:0787082,gray communicating ramus of the first thoracic nerve,False,"['FMA:6082', 'FMA:6084']","['Gray communicating ramus of right first intercostal nerve', 'Gray communicating ramus of left first intercostal nerve']"
12,ILX:0788945,gray communicating ramus of the fourth thoracic nerve,False,"['FMA:6758', 'FMA:6759']","['Gray communicating ramus of left fourth intercostal nerve', 'Gray communicating ramus of right fourth intercostal nerve']"
13,ILX:0789339,Pharyngeal branch of glossopharyngeal nerve,False,"['FMA:53494', 'FMA:53495']","['Pharyngeal branch of right glossopharyngeal nerve', 'Pharyngeal branch of left glossopharyngeal nerve']"
14,UBERON:0001649,glossopharyngeal nerve,False,"['FMA:50892', 'FMA:50894']","['Right glossopharyngeal nerve', 'Left glossopharyngeal nerve']"
15,UBERON:0009009,carotid sinus nerve,False,"['FMA:53508', 'FMA:53509']","['Right carotid sinus nerve', 'Left carotid sinus nerve']"
16,ILX:0738293,Ganglioglomerular nerve,False,[],[]
17,UBERON:0011326,superior laryngeal nerve,False,"['FMA:53530', 'FMA:53536']","['Right superior laryngeal nerve', 'Left superior laryngeal nerve']"
18,ILX:0793560,External branch of superior laryngeal nerve,False,"['FMA:53537', 'FMA:53538']","['Right external laryngeal nerve', 'Left external laryngeal nerve']"
19,ILX:0793561,Internal branch of superior laryngeal nerve,False,"['FMA:53539', 'FMA:53540']","['Right internal laryngeal nerve', 'Left internal laryngeal nerve']"
20,ILX:0738372,white communicating ramus of first thoracic spinal nerve,False,"['FMA:6083', 'FMA:6085']","['White communicating ramus of right first intercostal nerve', 'White communicating ramus of left first intercostal nerve']"
21,ILX:0738308,External branch of inferior laryngeal nerve,False,[],[]
22,ILX:0738309,Internal branch of inferior laryngeal nerve,False,[],[]
23,UBERON:0001650,hypoglossal nerve,False,[],[]
24,UBERON:0001884,phrenic nerve,False,"['FMA:6192', 'FMA:6193']","['Right phrenic nerve', 'Left phrenic nerve']"
25,ILX:0793216,white communicating ramus of tenth thoracic spinal nerve,False,[],[]
26,ILX:0793219,white communicating ramus of thirteenth thoracic spinal nerve,False,[],[]
27,ILX:0793214,white communicating ramus of eighth thoracic spinal nerve,False,[],[]
28,ILX:0793218,white communicating ramus of twelfth thoracic spinal nerve,False,[],[]
29,ILX:0793220,white communicating ramus of first lumbar spinal nerve,False,[],[]
30,ILX:0793215,white communicating ramus of ninth thoracic spinal nerve,False,[],[]
31,ILX:0785825,gray communicating ramus of first lumbar nerve,False,"['FMA:65923', 'FMA:65924']","['Gray communicating ramus of right first lumbar nerve', 'Gray communicating ramus of left first lumbar nerve']"
32,ILX:0793217,white communicating ramus of eleventh thoracic spinal nerve,False,[],[]
33,ILX:0793213,white communicating ramus of seventh thoracic spinal nerve,False,[],[]
34,ILX:0793559,bladder nerve,False,[],[]
35,UBERON:0018675,pelvic splanchnic nerve,False,[],[]
36,UBERON:0018683,lumbar splanchnic nerve,False,"['FMA:6924', 'FMA:6925', 'FMA:6926', 'FMA:6927', 'FMA:6928', 'FMA:6929', 'FMA:6930', 'FMA:6931']","['Right first lumbar splanchnic nerve', 'Left first lumbar splanchnic nerve', 'Right second lumbar splanchnic nerve', 'Left second lumbar splanchnic nerve', 'Right third lumbar splanchnic nerve', 'Left third lumbar splanchnic nerve', 'Right fourth lumbar splanchnic nerve', 'Left fourth lumbar splanchnic nerve']"
37,UBERON:0011390,pudendal nerve,False,"['FMA:21863', 'FMA:21864']","['Right pudendal nerve', 'Left pudendal nerve']"
38,ILX:0739299,gray communicating ramus of sixth lumbar nerve,False,[],[]
39,ILX:0793228,gray communicating ramus of first sacral nerve,False,"['FMA:65991', 'FMA:65992']","['Gray communicating ramus of right first sacral nerve', 'Gray communicating ramus of left first sacral nerve']"
40,ILX:0793221,white communicating ramus of second lumbar spinal nerve,False,[],[]
41,ILX:0785733,gray communicating ramus of second lumbar nerve,False,"['FMA:65921', 'FMA:65922']","['Gray communicating ramus of right second lumbar nerve', 'Gray communicating ramus of left second lumbar nerve']"
42,UBERON:0018680,greater splanchnic nerve,False,"['FMA:6955', 'FMA:6956']","['Left greater splanchnic nerve', 'Right greater splanchnic nerve']"
43,ILX:0785932,gray communicating ramus of third lumbar nerve,False,"['FMA:65919', 'FMA:65920']","['Gray communicating ramus of right third lumbar nerve', 'Gray communicating ramus of left third lumbar nerve']"
44,ILX:0788536,gray communicating ramus of fourth lumbar nerve,False,"['FMA:65917', 'FMA:65918']","['Gray communicating ramus of right fourth lumbar nerve', 'Gray communicating ramus of left fourth lumbar nerve']"
45,ILX:0793362,White communicating ramus of fourth lumbar anterior ramus,False,[],[]
46,ILX:0793361,white communicating ramus of third lumbar spinal nerve,False,[],[]
47,ILX:0793632,lumbar colonic nerve,False,[],[]
48,ILX:0793563,splenic nerve,False,[],[]
49,ILX:0794916,white ramus communicans,False,[],[]
50,UBERON:0001964,least splanchnic nerve,False,"['FMA:6959', 'FMA:6960']","['Right least splanchnic nerve', 'Left least splanchnic nerve']"
51,UBERON:0018681,lesser splanchnic nerve,False,"['FMA:6957', 'FMA:6958']","['Right lesser splanchnic nerve', 'Left lesser splanchnic nerve']"
52,UBERON:0018679,thoracic splanchnic nerve,False,"['FMA:6955', 'FMA:6956', 'FMA:6957', 'FMA:6958', 'FMA:6959', 'FMA:6960']","['Left greater splanchnic nerve', 'Right greater splanchnic nerve', 'Right lesser splanchnic nerve', 'Left lesser splanchnic nerve', 'Right least splanchnic nerve', 'Left least splanchnic nerve']"
53,ILX:0793822,Superior ovarian nerve,False,[],[]
54,ILX:0794476,abdominal branch of vagus nerve,False,[],[]
55,ILX:0794853,esophageal vagus trunk,False,[],[]
56,ILX:0793826,anterior abdominal vagal trunk,False,[],[]
57,ILX:0793827,posterior abdominal vagal trunk,False,[],[]
58,ILX:0793702,Greater petrosal nerve,False,"['FMA:53423', 'FMA:53424']","['Right greater petrosal nerve', 'Left greater petrosal nerve']"
59,UBERON:0018412,vidian nerve,False,[],[]
60,UBERON:0001647,facial nerve,False,"['FMA:50888', 'FMA:50889']","['Right facial nerve', 'Left facial nerve']"
61,ILX:0790497,Gray communicating ramus of cervicothoracic ganglion to first thoracic spinal nerve,False,[],[]
62,ILX:0739304,gray communicating ramus of third thoracic nerve,False,[],[]
63,UBERON:0001780,spinal nerve,False,"['FMA:6038', 'FMA:6039', 'FMA:6088', 'FMA:6089', 'FMA:6116', 'FMA:6117', 'FMA:6182', 'FMA:6183', 'FMA:6291', 'FMA:6292', 'FMA:6294', 'FMA:6295', 'FMA:6297', 'FMA:6298', 'FMA:6300', 'FMA:6301', 'FMA:6303', 'FMA:6305', 'FMA:6307', 'FMA:6308', 'FMA:6310', 'FMA:6311', 'FMA:6313', 'FMA:6314', 'FMA:6410', 'FMA:6411', 'FMA:6412', 'FMA:6413', 'FMA:6417', 'FMA:6418', 'FMA:6419', 'FMA:6420', 'FMA:6421', 'FMA:6422', 'FMA:6428', 'FMA:6429', 'FMA:6430', 'FMA:6431', 'FMA:6432', 'FMA:6433', 'FMA:6434', 'FMA:6435', 'FMA:6436', 'FMA:6437', 'FMA:6438', 'FMA:6439']","['Right first thoracic nerve', 'Left first thoracic nerve', 'Right second thoracic nerve', 'Left second thoracic nerve', 'Right third thoracic nerve', 'Left third thoracic nerve', 'Right twelfth thoracic nerve', 'Left twelfth thoracic nerve', 'Right fourth thoracic nerve', 'Left fourth thoracic nerve', 'Right fifth thoracic nerve', 'Left fifth thoracic nerve', 'Right sixth thoracic nerve', 'Left sixth thoracic nerve', 'Right seventh thoracic nerve', 'Left seventh thoracic nerve', 'Right eighth thoracic nerve', 'Left eighth thoracic nerve', 'Right ninth thoracic nerve', 'Left ninth thoracic nerve', 'Right tenth thoracic nerve', 'Left tenth thoracic nerve', 'Right eleventh thoracic nerve', 'Left eleventh thoracic nerve', 'Right first lumbar nerve', 'Left first lumbar nerve', 'Right second lumbar nerve', 'Left second lumbar nerve', 'Right third lumbar nerve', 'Left third lumbar nerve', 'Right fourth lumbar nerve', 'Left fourth lumbar nerve', 'Right fifth lumbar nerve', 'Left fifth lumbar nerve', 'Right first sacral nerve', 'Left first sacral nerve', 'Right second sacral nerve', 'Left second sacral nerve', 'Right third sacral nerve', 'Left third sacral nerve', 'Right fourth sacral nerve', 'Left fourth sacral nerve', 'Right fifth sacral nerve', 'Left fifth sacral nerve', 'Right coccygeal nerve', 'Left coccygeal nerve']"
64,ILX:0739303,gray communicating ramus of second thoracic nerve,False,[],[]
65,ILX:0793714,Mesenteric nerve,False,[],[]
66,ILX:0793713,Deep petrosal nerve,False,"['FMA:0328826', 'FMA:0328827']","['Right deep petrosal nerve', 'Left deep petrosal nerve']"
67,ILX:0793711,Communicating branch of zygomatic nerve,False,[],[]
68,UBERON:0011096,lacrimal nerve,False,"['FMA:52629', 'FMA:52630']","['Right lacrimal nerve', 'Left lacrimal nerve']"
69,ILX:0793712,Zygomatic nerve,False,"['FMA:52968', 'FMA:52969']","['Right zygomatic nerve', 'Left zygomatic nerve']"
70,UBERON:0022301,long ciliary nerve,False,"['FMA:52700', 'FMA:52701', 'FMA:82734', 'FMA:82735']","['Long ciliary nerve to right iris', 'Long ciliary nerve to left iris', 'Right long ciliary nerve', 'Left long ciliary nerve']"
71,UBERON:0022302,short ciliary nerve,False,[],[]
72,UBERON:0036216,tympanic nerve,False,"['FMA:53481', 'FMA:53482']","['Right tympanic nerve', 'Left tympanic nerve']"
73,ILX:0793722,Lesser petrosal nerve,False,"['FMA:53502', 'FMA:53503']","['Right lesser petrosal nerve', 'Left lesser petrosal nerve']"
74,UBERON:0001643,oculomotor nerve,False,"['FMA:50879', 'FMA:50880']","['Right oculomotor nerve', 'Left oculomotor nerve']"
75,UBERON:0003721,lingual nerve,False,"['FMA:53219', 'FMA:53220']","['Right lingual nerve', 'Left lingual nerve']"
76,UBERON:0009675,chorda tympani branch of facial nerve,False,[],[]
77,ILX:0793723,Auriculotemporal nerve,False,"['FMA:53001', 'FMA:53002']","['Right auriculotemporal nerve', 'Left auriculotemporal nerve']"
78,UBERON:0008810,nasopalatine nerve,False,"['FMA:52798', 'FMA:52799']","['Right nasopalatine nerve', 'Left nasopalatine nerve']"
79,ILX:0793807,Penile cavernous nerve,False,[],[]
80,ILX:0793809,Clitoral cavernous nerve,False,[],[]
81,UBERON:0003724,musculocutaneous nerve,False,"['FMA:37065', 'FMA:37066']","['Right musculocutaneous nerve', 'Left musculocutaneous nerve']"
82,UBERON:0001148,median nerve,False,"['FMA:37067', 'FMA:37068']","['Right median nerve', 'Left median nerve']"
83,UBERON:0001267,femoral nerve,False,"['FMA:16499', 'FMA:16500']","['Right femoral nerve', 'Left femoral nerve']"
84,ILX:0794959,posterior rami lower cervical nerves,False,[],[]
85,ILX:0795006,Suboccipital nerve,False,[],[]
86,UBERON:0034984,nerve to quadratus femoris,False,[],[]
87,UBERON:0005465,obturator nerve,False,"['FMA:16501', 'FMA:16502']","['Right obturator nerve', 'Left obturator nerve']"
88,ILX:0794949,recurrent branch of the median nerve,False,[],[]
89,UBERON:0001323,tibial nerve,False,"['FMA:22109', 'FMA:22110']","['Right tibial nerve', 'Left tibial nerve']"
90,UBERON:0001322,sciatic nerve,False,"['FMA:22111', 'FMA:22112']","['Right sciatic nerve', 'Left sciatic nerve']"
91,UBERON:0035526,superficial fibular nerve,False,"['FMA:45363', 'FMA:45364']","['Right superficial fibular nerve', 'Left superficial fibular nerve']"
92,UBERON:0035207,deep fibular nerve,False,"['FMA:45387', 'FMA:45388']","['Right deep fibular nerve', 'Left deep fibular nerve']"
93,UBERON:0035111,medial plantar nerve,False,"['FMA:45434', 'FMA:45435']","['Right medial plantar nerve', 'Left medial plantar nerve']"
94,UBERON:0035110,lateral plantar nerve,False,"['FMA:45450', 'FMA:45451']","['Right lateral plantar nerve', 'Left lateral plantar nerve']"
95,UBERON:0001492,radial nerve,False,"['FMA:37070', 'FMA:37071']","['Right radial nerve', 'Left radial nerve']"
96,ILX:0794967,posterior interosseous nerve,False,[],[]
97,UBERON:0001494,ulnar nerve,False,"['FMA:37320', 'FMA:37321']","['Right ulnar nerve', 'Left ulnar nerve']"
98,ILX:0794969,deep branch of ulnar nerve,False,[],[]
99,UBERON:0001493,axillary nerve,False,"['FMA:37073', 'FMA:37074']","['Right axillary nerve', 'Left axillary nerve']"
100,ILX:0794977,deep branch of radial nerve,False,[],[]
101,ILX:0795005,Posterior cutaneous nerve of arm,False,[],[]
102,UBERON:0002019,accessory XI nerve,False,"['FMA:50897', 'FMA:50899']","['Right spinal accessory nerve', 'Left spinal accessory nerve']"
103,UBERON:0011391,perineal nerve,False,"['FMA:21873', 'FMA:21874']","['Right perineal nerve', 'Left perineal nerve']"
104,UBERON:0001021,nerve,False,"['FMA:16491', 'FMA:16492', 'FMA:16493', 'FMA:16494', 'FMA:16497', 'FMA:16498', 'FMA:16499', 'FMA:16500', 'FMA:16501', 'FMA:16502', 'FMA:20630', 'FMA:20631', 'FMA:21863', 'FMA:21864', 'FMA:37065', 'FMA:37066', 'FMA:37067', 'FMA:37068', 'FMA:37070', 'FMA:37071', 'FMA:37073', 'FMA:37074', 'FMA:37320', 'FMA:37321', 'FMA:39081', 'FMA:39082', 'FMA:55155', 'FMA:55156', 'FMA:55172', 'FMA:55173', 'FMA:6192', 'FMA:6193', 'FMA:65247', 'FMA:65248', 'FMA:65281', 'FMA:65282', 'FMA:65285', 'FMA:65286', 'FMA:65415', 'FMA:65416', 'FMA:0328826', 'FMA:0328827', 'FMA:0328830', 'FMA:0328831', 'FMA:11018', 'FMA:11039', 'FMA:11063', 'FMA:11084', 'FMA:11092', 'FMA:11111', 'FMA:11153', 'FMA:11154', 'FMA:11193', 'FMA:11194', 'FMA:11209', 'FMA:11210', 'FMA:11211', 'FMA:11212', 'FMA:11213', 'FMA:11214', 'FMA:11215', 'FMA:11216', 'FMA:11217', 'FMA:11218', 'FMA:11219', 'FMA:11220', 'FMA:11249', 'FMA:11250', 'FMA:11252', 'FMA:11253', 'FMA:11261', 'FMA:11262', 'FMA:11308', 'FMA:11551', 'FMA:11552', 'FMA:11554', 'FMA:11555', 'FMA:11681', 'FMA:11687', 'FMA:11751', 'FMA:11752', 'FMA:11753', 'FMA:11754', 'FMA:11755', 'FMA:11756', 'FMA:11757', 'FMA:11758', 'FMA:11759', 'FMA:11760', 'FMA:11780', 'FMA:11781', 'FMA:11788', 'FMA:11789', 'FMA:16400', 'FMA:16401', 'FMA:16402', 'FMA:16403', 'FMA:16404', 'FMA:16405', 'FMA:16884', 'FMA:16885', 'FMA:16886', 'FMA:16887', 'FMA:20604', 'FMA:20605', 'FMA:20607', 'FMA:20608', 'FMA:20632', 'FMA:20633', 'FMA:20634', 'FMA:20635', 'FMA:21871', 'FMA:21872', 'FMA:21873', 'FMA:21874', 'FMA:21875', 'FMA:21876', 'FMA:21879', 'FMA:21880', 'FMA:22109', 'FMA:22110', 'FMA:22111', 'FMA:22112', 'FMA:276379', 'FMA:276381', 'FMA:291236', 'FMA:291238', 'FMA:292830', 'FMA:292832', 'FMA:292887', 'FMA:292889', 'FMA:39083', 'FMA:39084', 'FMA:39146', 'FMA:39147', 'FMA:44734', 'FMA:44735', 'FMA:44769', 'FMA:44770', 'FMA:44870', 'FMA:44871', 'FMA:44892', 'FMA:44893', 'FMA:44894', 'FMA:44898', 'FMA:44899', 'FMA:44901', 'FMA:44902', 'FMA:44904', 'FMA:44905', 'FMA:44932', 'FMA:44950', 'FMA:44951', 'FMA:44952', 'FMA:44953', 'FMA:45253', 'FMA:45254', 'FMA:45263', 'FMA:45264', 'FMA:45308', 'FMA:45309', 'FMA:45310', 'FMA:45311', 'FMA:45326', 'FMA:45327', 'FMA:45333', 'FMA:45334', 'FMA:45338', 'FMA:45339', 'FMA:45354', 'FMA:45355', 'FMA:45357', 'FMA:45358', 'FMA:45361', 'FMA:45362', 'FMA:45363', 'FMA:45364', 'FMA:45365', 'FMA:45366', 'FMA:45367', 'FMA:45368', 'FMA:45379', 'FMA:45380', 'FMA:45381', 'FMA:45382', 'FMA:45387', 'FMA:45388', 'FMA:45422', 'FMA:45423', 'FMA:45424', 'FMA:45425', 'FMA:45426', 'FMA:45427', 'FMA:45428', 'FMA:45429', 'FMA:45432', 'FMA:45433', 'FMA:45434', 'FMA:45435', 'FMA:45450', 'FMA:45451', 'FMA:45452', 'FMA:45453', 'FMA:45454', 'FMA:45455', 'FMA:45456', 'FMA:45457', 'FMA:52622', 'FMA:52623', 'FMA:52626', 'FMA:52627', 'FMA:52629', 'FMA:52630', 'FMA:52639', 'FMA:52640', 'FMA:52643', 'FMA:52644', 'FMA:52656', 'FMA:52657', 'FMA:52669', 'FMA:52670', 'FMA:52673', 'FMA:52674', 'FMA:52676', 'FMA:52677', 'FMA:52698', 'FMA:52699', 'FMA:52700', 'FMA:52701', 'FMA:52715', 'FMA:52716', 'FMA:52725', 'FMA:52726', 'FMA:52729', 'FMA:52730', 'FMA:52732', 'FMA:52733', 'FMA:52776', 'FMA:52777', 'FMA:52778', 'FMA:52779', 'FMA:52784', 'FMA:52785', 'FMA:52786', 'FMA:52787', 'FMA:52798', 'FMA:52799', 'FMA:52803', 'FMA:52804', 'FMA:52806', 'FMA:52807', 'FMA:52936', 'FMA:52937', 'FMA:52939', 'FMA:52940', 'FMA:52941', 'FMA:52942', 'FMA:52968', 'FMA:52969', 'FMA:52974', 'FMA:52975', 'FMA:52976', 'FMA:52977', 'FMA:52979', 'FMA:52980', 'FMA:52987', 'FMA:52988', 'FMA:52994', 'FMA:52995', 'FMA:52997', 'FMA:52998', 'FMA:53001', 'FMA:53002', 'FMA:53048', 'FMA:53049', 'FMA:53067', 'FMA:53068', 'FMA:53219', 'FMA:53220', 'FMA:53244', 'FMA:53245', 'FMA:53251', 'FMA:53252', 'FMA:53279', 'FMA:53280', 'FMA:53301', 'FMA:53302', 'FMA:53308', 'FMA:53309', 'FMA:53311', 'FMA:53312', 'FMA:53366', 'FMA:53367', 'FMA:53398', 'FMA:53399', 'FMA:53402', 'FMA:53409', 'FMA:53423', 'FMA:53424', 'FMA:53432', 'FMA:53433', 'FMA:53481', 'FMA:53482', 'FMA:53484', 'FMA:53485', 'FMA:53494', 'FMA:53495', 'FMA:53502', 'FMA:53503', 'FMA:53504', 'FMA:53505', 'FMA:53506', 'FMA:53507', 'FMA:53508', 'FMA:53509', 'FMA:53530', 'FMA:53534', 'FMA:53535', 'FMA:53536', 'FMA:53537', 'FMA:53538', 'FMA:53539', 'FMA:53540', 'FMA:53541', 'FMA:53542', 'FMA:53545', 'FMA:53546', 'FMA:53547', 'FMA:53548', 'FMA:53559', 'FMA:53560', 'FMA:53561', 'FMA:53562', 'FMA:53567', 'FMA:53568', 'FMA:53569', 'FMA:53570', 'FMA:53571', 'FMA:53572', 'FMA:53575', 'FMA:53576', 'FMA:53581', 'FMA:53582', 'FMA:53588', 'FMA:53589', 'FMA:53590', 'FMA:53598', 'FMA:53599', 'FMA:53604', 'FMA:53605', 'FMA:53606', 'FMA:53607', 'FMA:53608', 'FMA:53609', 'FMA:53610', 'FMA:53611', 'FMA:53633', 'FMA:53634', 'FMA:53635', 'FMA:53636', 'FMA:53675', 'FMA:55157', 'FMA:55158', 'FMA:55159', 'FMA:55160', 'FMA:6070', 'FMA:6071', 'FMA:6072', 'FMA:6073', 'FMA:6082', 'FMA:6083', 'FMA:6084', 'FMA:6085', 'FMA:6090', 'FMA:6091', 'FMA:6092', 'FMA:6093', 'FMA:6108', 'FMA:6111', 'FMA:6114', 'FMA:6118', 'FMA:6119', 'FMA:6121', 'FMA:6122', 'FMA:6124', 'FMA:6127', 'FMA:6132', 'FMA:6133', 'FMA:6134', 'FMA:6137', 'FMA:6145', 'FMA:6149', 'FMA:6155', 'FMA:65313', 'FMA:65314', 'FMA:65315', 'FMA:65316', 'FMA:65325', 'FMA:65326', 'FMA:65327', 'FMA:65328', 'FMA:65335', 'FMA:65336', 'FMA:65337', 'FMA:65338', 'FMA:65339', 'FMA:65340', 'FMA:65341', 'FMA:65342', 'FMA:65343', 'FMA:65344', 'FMA:65345', 'FMA:65346', 'FMA:65347', 'FMA:65348', 'FMA:65349', 'FMA:65350', 'FMA:65388', 'FMA:65389', 'FMA:65398', 'FMA:65399', 'FMA:65401', 'FMA:65402', 'FMA:65437', 'FMA:65438', 'FMA:65444', 'FMA:65568', 'FMA:65569', 'FMA:65739', 'FMA:65740', 'FMA:65743', 'FMA:65744', 'FMA:65747', 'FMA:65915', 'FMA:65916', 'FMA:65917', 'FMA:65918', 'FMA:65919', 'FMA:65920', 'FMA:65921', 'FMA:65922', 'FMA:65923', 'FMA:65924', 'FMA:65991', 'FMA:65992', 'FMA:65993', 'FMA:65994', 'FMA:65995', 'FMA:65996', 'FMA:65997', 'FMA:65998', 'FMA:65999', 'FMA:66000', 'FMA:6666', 'FMA:6667', 'FMA:6677', 'FMA:6684', 'FMA:6689', 'FMA:6713', 'FMA:6714', 'FMA:6728', 'FMA:6729', 'FMA:6730', 'FMA:6731', 'FMA:6732', 'FMA:6733', 'FMA:6736', 'FMA:6737', 'FMA:6738', 'FMA:6739', 'FMA:6740', 'FMA:6741', 'FMA:6742', 'FMA:6743', 'FMA:6744', 'FMA:6745', 'FMA:6757', 'FMA:6758', 'FMA:6759', 'FMA:6760', 'FMA:6761', 'FMA:6762', 'FMA:6763', 'FMA:6764', 'FMA:6765', 'FMA:6766', 'FMA:6767', 'FMA:6768', 'FMA:6769', 'FMA:6770', 'FMA:6771', 'FMA:6772', 'FMA:6773', 'FMA:6774', 'FMA:6775', 'FMA:6776', 'FMA:6777', 'FMA:6778', 'FMA:6779', 'FMA:6781', 'FMA:6784', 'FMA:6792', 'FMA:6821', 'FMA:6832', 'FMA:6835', 'FMA:6842', 'FMA:6844', 'FMA:6845', 'FMA:6849', 'FMA:6851', 'FMA:6852', 'FMA:6888', 'FMA:6889', 'FMA:6890', 'FMA:6891', 'FMA:6892', 'FMA:6893', 'FMA:6894', 'FMA:6895', 'FMA:6896', 'FMA:6897', 'FMA:7077', 'FMA:7078', 'FMA:7092', 'FMA:7115', 'FMA:7116', 'FMA:7118', 'FMA:7119', 'FMA:7122', 'FMA:7123', 'FMA:7126', 'FMA:7127', 'FMA:7129', 'FMA:7130', 'FMA:7289', 'FMA:7290', 'FMA:7293', 'FMA:7294', 'FMA:7296', 'FMA:7297', 'FMA:7300', 'FMA:7301', 'FMA:7304', 'FMA:7305', 'FMA:7307', 'FMA:7308', 'FMA:78649', 'FMA:78650', 'FMA:78652', 'FMA:78653', 'FMA:78655', 'FMA:78656', 'FMA:80025', 'FMA:80026', 'FMA:81287', 'FMA:81288', 'FMA:81289', 'FMA:81290', 'FMA:81294', 'FMA:81295', 'FMA:82734', 'FMA:82735', 'FMA:82952', 'FMA:82953', 'FMA:82954', 'FMA:82955', 'FMA:82956', 'FMA:82957', 'FMA:82958', 'FMA:82959', 'FMA:82960', 'FMA:82961', 'FMA:82962', 'FMA:82963', 'FMA:8725', 'FMA:8726', 'FMA:8728', 'FMA:8729', 'FMA:8731', 'FMA:8732', 'FMA:8734', 'FMA:8735', 'FMA:8790', 'FMA:8791', 'FMA:8794', 'FMA:8795', 'FMA:8797', 'FMA:8798', 'FMA:8805', 'FMA:8807', 'FMA:8808', 'FMA:8811', 'FMA:8812', 'FMA:8814', 'FMA:8815', 'FMA:8817', 'FMA:8818', 'FMA:8820', 'FMA:8821', 'FMA:8823', 'FMA:8824', 'FMA:8826', 'FMA:8827', 'FMA:8829', 'FMA:8830', 'FMA:8832', 'FMA:8833', 'FMA:8835', 'FMA:8836', 'FMA:8860', 'FMA:8861', 'FMA:8864', 'FMA:8865', 'FMA:8867', 'FMA:8868', 'FMA:8871', 'FMA:8872', 'FMA:8875', 'FMA:8876', 'FMA:8878', 'FMA:8879', 'FMA:8882', 'FMA:8883', 'FMA:8886', 'FMA:8887', 'FMA:8889', 'FMA:8890', 'FMA:8893', 'FMA:8894', 'FMA:8897', 'FMA:8898', 'FMA:8900', 'FMA:8901', 'FMA:8904', 'FMA:8905', 'FMA:8908', 'FMA:8909', 'FMA:8911', 'FMA:8912', 'FMA:8916', 'FMA:8917', 'FMA:8918', 'FMA:8919', 'FMA:8922', 'UBERON:0011766', 'UBERON:0011767']","['Right iliohypogastric nerve', 'Left iliohypogastric nerve', 'Right ilioinguinal nerve', 'Left ilioinguinal nerve', 'Right lateral femoral cutaneous nerve', 'Left lateral femoral cutaneous nerve', 'Right femoral nerve', 'Left femoral nerve', 'Right obturator nerve', 'Left obturator nerve', 'Right genitofemoral nerve', 'Left genitofemoral nerve', 'Right pudendal nerve', 'Left pudendal nerve', 'Right musculocutaneous nerve', 'Left musculocutaneous nerve', 'Right median nerve', 'Left median nerve', 'Right radial nerve', 'Left radial nerve', 'Right axillary nerve', 'Left axillary nerve', 'Right ulnar nerve', 'Left ulnar nerve', 'Medial cutaneous nerve of right forearm', 'Medial cutaneous nerve of left forearm', 'Right great auricular nerve', 'Left great auricular nerve', 'Right transverse cervical nerve', 'Left transverse cervical nerve', 'Right phrenic nerve', 'Left phrenic nerve', 'Medial cutaneous nerve of right arm', 'Medial cutaneous nerve of left arm', 'Right long thoracic nerve', 'Left long thoracic nerve', 'Right subclavian nerve', 'Left subclavian nerve', 'Right supraclavicular nerve', 'Left supraclavicular nerve', 'Right deep petrosal nerve', 'Left deep petrosal nerve', 'Right caroticotympanic nerve', 'Left caroticotympanic nerve', 'Medial branch of posterior ramus of right third thoracic nerve', 'Medial branch of posterior ramus of left third thoracic nerve', 'Medial branch of posterior ramus of right fourth thoracic nerve', 'Lateral cutaneous branch of right fourth intercostal nerve', 'Medial branch of posterior ramus of left fourth thoracic nerve', 'Lateral cutaneous branch of left fourth intercostal nerve', 'Medial branch of posterior ramus of right fifth thoracic nerve', 'Medial branch of posterior ramus of left fifth thoracic nerve', 'Lateral cutaneous branch of left fifth intercostal nerve', 'Lateral cutaneous branch of right fifth intercostal nerve', 'Lateral cutaneous branch of right sixth intercostal nerve', 'Lateral cutaneous branch of left sixth intercostal nerve', 'Lateral cutaneous branch of right seventh intercostal nerve', 'Lateral cutaneous branch of left seventh intercostal nerve', 'Lateral cutaneous branch of right eighth intercostal nerve', 'Lateral cutaneous branch of left eighth intercostal nerve', 'Lateral cutaneous branch of right ninth intercostal nerve', 'Lateral cutaneous branch of left ninth intercostal nerve', 'Lateral cutaneous branch of right tenth intercostal nerve', 'Lateral cutaneous branch of left tenth intercostal nerve', 'Lateral cutaneous branch of right eleventh intercostal nerve', 'Lateral cutaneous branch of left eleventh intercostal nerve', 'Medial branch of posterior ramus of right first thoracic nerve', 'Medial branch of posterior ramus of left first thoracic nerve', 'Medial branch of posterior ramus of right second thoracic nerve', 'Medial branch of posterior ramus of left second thoracic nerve', 'Medial branch of posterior ramus of right sixth thoracic nerve', 'Medial branch of posterior ramus of left sixth thoracic nerve', 'Lateral cutaneous branch of right second intercostal nerve', 'Anterior branch of lateral cutaneous branch of right subcostal nerve', 'Anterior branch of lateral cutaneous branch of left subcostal nerve', 'Posterior branch of lateral cutaneous branch of right subcostal nerve', 'Posterior branch of lateral cutaneous branch of left subcostal nerve', 'Lateral branch of posterior ramus of right seventh thoracic nerve', 'Lateral branch of posterior ramus of left seventh thoracic nerve', 'Lateral branch of posterior ramus of right eighth thoracic nerve', 'Lateral branch of posterior ramus of left eighth thoracic nerve', 'Lateral branch of posterior ramus of right ninth thoracic nerve', 'Lateral branch of posterior ramus of left ninth thoracic nerve', 'Lateral branch of posterior ramus of right tenth thoracic nerve', 'Lateral branch of posterior ramus of left tenth thoracic nerve', 'Lateral branch of posterior ramus of right eleventh thoracic nerve', 'Lateral branch of posterior ramus of left eleventh thoracic nerve', 'Lateral branch of posterior ramus of right twelfth thoracic nerve', 'Lateral branch of posterior ramus of left twelfth thoracic nerve', 'Gray communicating ramus of right subcostal nerve', 'White communicating ramus of right subcostal nerve', 'Gray communicating ramus of left subcostal nerve', 'White communicating ramus of left subcostal nerve', 'Lateral branch of posterior ramus of right first lumbar nerve', 'Lateral branch of posterior ramus of left first lumbar nerve', 'Lateral branch of posterior ramus of right second lumbar nerve', 'Lateral branch of posterior ramus of left second lumbar nerve', 'Lateral branch of posterior ramus of right third lumbar nerve', 'Lateral branch of posterior ramus of left third lumbar nerve', 'White communicating ramus of right first lumbar nerve', 'White communicating ramus of left first lumbar nerve', 'White communicating ramus of right second lumbar nerve', 'White communicating ramus of left second lumbar nerve', 'Hypogastric branch of right iliohypogastric nerve', 'Hypogastric branch of left iliohypogastric nerve', 'Iliac branch of right iliohypogastric nerve', 'Iliac branch of left iliohypogastric nerve', 'Genital branch of right genitofemoral nerve', 'Genital branch of left genitofemoral nerve', 'Femoral branch of right genitofemoral nerve', 'Femoral branch of left genitofemoral nerve', 'Right inferior anal nerve', 'Left inferior anal nerve', 'Right perineal nerve', 'Left perineal nerve', 'Right posterior scrotal nerve', 'Left posterior scrotal nerve', 'Right dorsal nerve of penis', 'Left dorsal nerve of penis', 'Right tibial nerve', 'Left tibial nerve', 'Right sciatic nerve', 'Left sciatic nerve', 'Right incisive nerve', 'Left incisive nerve', 'Pericardial branch of right phrenic nerve', 'Pericardial branch of left phrenic nerve', 'Dorsal branch of right ulnar nerve', 'Dorsal branch of left ulnar nerve', 'Superficial branch of right radial nerve', 'Superficial branch of left radial nerve', 'Lateral cutaneous nerve of right forearm', 'Lateral cutaneous nerve of left forearm', 'Posterior cutaneous nerve of right forearm', 'Posterior cutaneous nerve of left forearm', 'Right fourth common plantar digital nerve', 'Left fourth common plantar digital nerve', 'Right fifth common plantar digital nerve', 'Left fifth common plantar digital nerve', 'Lateral proper palmar digital branch of right median nerve to right ring finger', 'Lateral proper palmar digital branch of left median nerve to left ring finger', 'Common palmar digital branch of ulnar nerve to right little finger', 'Common palmar digital branch of ulnar nerve to left little finger', 'Superficial branch of right ulnar nerve', 'Medial proper palmar digital branch of ulnar nerve to right little finger', 'Medial proper palmar digital branch of ulnar nerve to left little finger', 'Medial proper palmar digital branch of ulnar nerve to right ring finger', 'Medial proper palmar digital branch of ulnar nerve to left ring finger', 'Lateral proper palmar digital branch of ulnar nerve to right little finger', 'Lateral proper palmar digital branch of ulnar nerve to left little finger', 'Superficial branch of left ulnar nerve', 'Posterior cutaneous nerve of right arm', 'Posterior cutaneous nerve of left arm', 'Inferior lateral cutaneous nerve of right arm', 'Inferior lateral cutaneous nerve of left arm', 'Anterior cutaneous branch of right femoral nerve', 'Anterior cutaneous branch of left femoral nerve', 'Right saphenous nerve', 'Left saphenous nerve', 'Anterior branch of right obturator nerve', 'Anterior branch of left obturator nerve', 'Posterior branch of right obturator nerve', 'Posterior branch of left obturator nerve', 'Infrapatellar branch of right saphenous nerve', 'Infrapatellar branch of left saphenous nerve', 'Cutaneous branch of right obturator nerve', 'Cutaneous branch of left obturator nerve', 'Right posterior femoral cutaneous nerve', 'Left posterior femoral cutaneous nerve', 'Gluteal branch of right posterior femoral cutaneous nerve', 'Gluteal branch of left posterior femoral cutaneous nerve', 'Right common fibular nerve', 'Left common fibular nerve', 'Right lateral sural cutaneous nerve', 'Left lateral sural cutaneous nerve', 'Right superficial fibular nerve', 'Left superficial fibular nerve', 'Right medial dorsal cutaneous nerve', 'Left medial dorsal cutaneous nerve', 'Right intermediate dorsal cutaneous nerve', 'Left intermediate dorsal cutaneous nerve', 'Lateral dorsal digital nerve of right third toe', 'Lateral dorsal digital nerve of left third toe', 'Medial dorsal digital nerve of right fourth toe', 'Medial dorsal digital nerve of left fourth toe', 'Right deep fibular nerve', 'Left deep fibular nerve', 'Right medial sural cutaneous nerve', 'Left medial sural cutaneous nerve', 'Right sural nerve', 'Left sural nerve', 'Lateral dorsal cutaneous branch of right sural nerve', 'Lateral dorsal cutaneous branch of left sural nerve', 'Lateral calcaneal branch of right sural nerve', 'Lateral calcaneal branch of left sural nerve', 'Medial calcaneal branch of right tibial nerve', 'Medial calcaneal branch of left tibial nerve', 'Right medial plantar nerve', 'Left medial plantar nerve', 'Right lateral plantar nerve', 'Left lateral plantar nerve', 'Lateral proper plantar digital nerve of right fourth toe', 'Lateral proper plantar digital nerve of left fourth toe', 'Medial proper plantar digital nerve of right little toe', 'Medial proper plantar digital nerve of left little toe', 'Lateral proper plantar digital nerve of right little toe', 'Lateral proper plantar digital nerve of left little toe', 'Right ophthalmic nerve', 'Left ophthalmic nerve', 'Right tentorial nerve', 'Left tentorial nerve', 'Right lacrimal nerve', 'Left lacrimal nerve', 'Right frontal nerve', 'Left frontal nerve', 'Right supratrochlear nerve', 'Left supratrochlear nerve', 'Right supra-orbital nerve', 'Left supra-orbital nerve', 'Right nasociliary nerve', 'Left nasociliary nerve', 'Communicating branch of right nasociliary nerve with right ciliary ganglion', 'Communicating branch of left nasociliary nerve with left ciliary ganglion', 'Right anterior ethmoidal nerve', 'Left anterior ethmoidal nerve', 'Right infratrochlear nerve', 'Left infratrochlear nerve', 'Long ciliary nerve to right iris', 'Long ciliary nerve to left iris', 'Right posterior ethmoidal nerve', 'Left posterior ethmoidal nerve', 'Right maxillary nerve', 'Left maxillary nerve', 'Right middle meningeal nerve', 'Left middle meningeal nerve', 'Ganglionic branch of right maxillary nerve to right pterygopalatine ganglion', 'Ganglionic branch of left maxillary nerve to left pterygopalatine ganglion', 'Orbital branch of right maxillary nerve to right ethmoidal sinus', 'Orbital branch of left maxillary nerve to left ethmoidal sinus', 'Orbital branch of right maxillary nerve to right sphenoidal sinus', 'Orbital branch of left maxillary nerve to left sphenoidal sinus', 'Left lateral posterior superior nasal nerve', 'Right lateral posterior superior nasal nerve', 'Right medial posterior superior nasal nerve', 'Left medial posterior superior nasal nerve', 'Right nasopalatine nerve', 'Left nasopalatine nerve', 'Right greater palatine nerve', 'Left greater palatine nerve', 'Right lesser palatine nerve', 'Left lesser palatine nerve', 'Right posterior superior alveolar nerve', 'Left posterior superior alveolar nerve', 'Right middle superior alveolar nerve', 'Left middle superior alveolar nerve', 'Right anterior superior alveolar nerve', 'Left anterior superior alveolar nerve', 'Right zygomatic nerve', 'Left zygomatic nerve', 'Zygomaticotemporal branch of right zygomatic nerve', 'Zygomaticotemporal branch of left zygomatic nerve', 'Zygomaticofacial branch of right zygomatic nerve', 'Zygomaticofacial branch of left zygomatic nerve', 'Right infra-orbital nerve', 'Left infra-orbital nerve', 'Inferior palpebral branch of right infra-orbital nerve', 'Inferior palpebral branch of left infra-orbital nerve', 'Superior labial branch of right infra-orbital nerve', 'Superior labial branch of left infra-orbital nerve', 'Right mandibular nerve', 'Left mandibular nerve', 'Right auriculotemporal nerve', 'Left auriculotemporal nerve', 'Meningeal branch of right mandibular nerve', 'Meningeal branch of left mandibular nerve', 'Right buccal nerve', 'Left buccal nerve', 'Right lingual nerve', 'Left lingual nerve', 'Right inferior alveolar nerve', 'Left inferior alveolar nerve', 'Right mental nerve', 'Left mental nerve', 'Right posterior auricular nerve', 'Left posterior auricular nerve', 'Temporal branch of right facial nerve', 'Temporal branch of left facial nerve', 'Zygomatic branch of right facial nerve', 'Zygomatic branch of left facial nerve', 'Buccal branch of right facial nerve', 'Buccal branch of left facial nerve', 'Marginal mandibular branch of right facial nerve', 'Marginal mandibular branch of left facial nerve', 'Cervical branch of right facial nerve', 'Cervical branch of left facial nerve', 'Right vestibular nerve', 'Left vestibular nerve', 'Right greater petrosal nerve', 'Left greater petrosal nerve', 'Right cochlear nerve', 'Left cochlear nerve', 'Right tympanic nerve', 'Left tympanic nerve', 'Communicating branch of right glossopharyngeal nerve with auricular branch of right vagus nerve', 'Communicating branch of left glossopharyngeal nerve with auricular branch of left vagus nerve', 'Pharyngeal branch of right glossopharyngeal nerve', 'Pharyngeal branch of left glossopharyngeal nerve', 'Right lesser petrosal nerve', 'Left lesser petrosal nerve', 'Lingual branch of right glossopharyngeal nerve', 'Lingual branch of left glossopharyngeal nerve', 'Tonsillar branch of right glossopharyngeal nerve', 'Tonsillar branch of left glossopharyngeal nerve', 'Right carotid sinus nerve', 'Left carotid sinus nerve', 'Right superior laryngeal nerve', 'Auricular branch of right vagus nerve', 'Auricular branch of left vagus nerve', 'Left superior laryngeal nerve', 'Right external laryngeal nerve', 'Left external laryngeal nerve', 'Right internal laryngeal nerve', 'Left internal laryngeal nerve', 'Meningeal branch of right vagus nerve', 'Meningeal branch of left vagus nerve', 'Right superior cardiac nerve', 'Left superior cardiac nerve', 'Laryngopharyngeal branch of right superior cervical ganglion', 'Laryngopharyngeal branch of left superior cervical ganglion', 'Communicating branch of right vagus nerve with right glossopharyngeal nerve', 'Communicating branch of left vagus nerve with left glossopharyngeal nerve', 'Communicating branch of right external laryngeal nerve with right superior cardiac nerve', 'Communicating branch of left external laryngeal nerve with left superior cardiac nerve', 'Branch of right external laryngeal nerve to right inferior pharyngeal constrictor', 'Branch of left external laryngeal nerve to left inferior pharyngeal constrictor', 'Branch of right external laryngeal nerve to pharyngeal nerve plexus', 'Branch of left external laryngeal nerve to pharyngeal nerve plexus', 'Communicating branch of right internal laryngeal nerve with right recurrent laryngeal nerve', 'Communicating branch of left internal laryngeal nerve with left recurrent laryngeal nerve', 'Upper branch of right internal laryngeal nerve to laryngeal vestibule', 'Upper branch of left internal laryngeal nerve to laryngeal vestibule', 'Lower branch of right internal laryngeal nerve to right aryepiglottic fold', 'Lower branch of left internal laryngeal nerve to left aryepiglottic fold', 'Communicating branch of auricular branch of left vagus nerve with left facial nerve', 'Communicating branch of auricular branch of right vagus nerve with right posterior auricular nerve', 'Communicating branch of auricular branch of left vagus nerve with left posterior auricular nerve', 'Superior cervical cardiac branch of right vagus nerve', 'Superior cervical cardiac branch of left vagus nerve', 'Thoracic cardiac branch of right vagus nerve', 'Thoracic cardiac branch of left vagus nerve', 'Vagal branch to right carotid body', 'Vagal branch to left carotid body', 'Esophageal branch of right recurrent laryngeal nerve', 'Esophageal branch of left recurrent laryngeal nerve', 'Tracheal branch of right recurrent laryngeal nerve', 'Tracheal branch of left recurrent laryngeal nerve', 'Lingual branch of right vagus nerve', 'Lingual branch of left vagus nerve', 'Pharyngeal branch of right vagus nerve to pharyngeal nerve plexus', 'Pharyngeal branch of left vagus nerve to pharyngeal nerve plexus', 'Branch of greater anterior gastric nerve to coeliac plexus', 'Anterior branch of right great auricular nerve', 'Anterior branch of left great auricular nerve', 'Posterior branch of right great auricular nerve', 'Posterior branch of left great auricular nerve', 'Posterior ramus of right first thoracic nerve', 'Posterior ramus of left first thoracic nerve', 'Left first intercostal nerve', 'Right first intercostal nerve', 'Gray communicating ramus of right first intercostal nerve', 'White communicating ramus of right first intercostal nerve', 'Gray communicating ramus of left first intercostal nerve', 'White communicating ramus of left first intercostal nerve', 'Posterior ramus of left second thoracic nerve', 'Posterior ramus of right second thoracic nerve', 'Right second intercostal nerve', 'Left second intercostal nerve', 'Lateral cutaneous branch of right third intercostal nerve', 'Lateral cutaneous branch of left third intercostal nerve', 'Anterior cutaneous branch of right second intercostal nerve', 'Right third intercostal nerve', 'Left third intercostal nerve', 'Lateral cutaneous branch of left second intercostal nerve', 'Gray communicating ramus of right second intercostal nerve', 'Gray communicating ramus of right third intercostal nerve', 'White communicating ramus of left second intercostal nerve', 'White communicating ramus of left third intercostal nerve', 'Gray communicating ramus of left third intercostal nerve', 'White communicating ramus of right third intercostal nerve', 'Anterior cutaneous branch of right first intercostal nerve', 'Posterior ramus of left third thoracic nerve', 'Anterior cutaneous branch of left third intercostal nerve', 'Anterior cutaneous branch of right third intercostal nerve', 'Anterior branch of medial cutaneous nerve of right forearm', 'Anterior branch of medial cutaneous nerve of left forearm', 'Posterior branch of medial cutaneous nerve of right forearm', 'Posterior branch of medial cutaneous nerve of left forearm', 'Right anterior interosseous nerve', 'Left anterior interosseous nerve', 'Palmar branch of right median nerve', 'Palmar branch of left median nerve', 'Right posterior interosseous nerve', 'Left posterior interosseous nerve', 'Lateral proper palmar digital branch of right median nerve to right thumb', 'Lateral proper palmar digital branch of left median nerve to left thumb', 'Medial proper palmar digital branch of right median nerve to right thumb', 'Medial proper palmar digital branch of left median nerve to left thumb', 'Lateral proper palmar digital branch of right median nerve to right index finger', 'Lateral proper palmar digital branch of left median nerve to left index finger', 'Medial proper palmar digital branch of right median nerve to right index finger', 'Medial proper palmar digital branch of left median nerve to left index finger', 'Lateral proper palmar digital branch of right median nerve to right middle finger', 'Lateral proper palmar digital branch of left median nerve to left middle finger', 'Medial proper palmar digital branch of right median nerve to right middle finger', 'Medial proper palmar digital branch of left median nerve to left middle finger', 'Palmar branch of right ulnar nerve', 'Palmar branch of left ulnar nerve', 'Right lesser occipital nerve', 'Left lesser occipital nerve', 'C2 root of right great auricular nerve', 'C2 root of left great auricular nerve', 'C3 root of right great auricular nerve', 'C3 root of left great auricular nerve', 'C3 root of right supraclavicular nerve', 'C3 root of left supraclavicular nerve', 'Right greater occipital nerve', 'Right subcostal nerve', 'Left subcostal nerve', 'Medial branch of posterior ramus of right fourth cervical nerve', 'Medial branch of posterior ramus of left fourth cervical nerve', 'Medial branch of posterior ramus of right fifth cervical nerve', 'Medial branch of posterior ramus of left fifth cervical nerve', 'Medial branch of posterior ramus of right sixth cervical nerve', 'Gray communicating ramus of right fifth lumbar nerve', 'Gray communicating ramus of left fifth lumbar nerve', 'Gray communicating ramus of right fourth lumbar nerve', 'Gray communicating ramus of left fourth lumbar nerve', 'Gray communicating ramus of right third lumbar nerve', 'Gray communicating ramus of left third lumbar nerve', 'Gray communicating ramus of right second lumbar nerve', 'Gray communicating ramus of left second lumbar nerve', 'Gray communicating ramus of right first lumbar nerve', 'Gray communicating ramus of left first lumbar nerve', 'Gray communicating ramus of right first sacral nerve', 'Gray communicating ramus of left first sacral nerve', 'Gray communicating ramus of right second sacral nerve', 'Gray communicating ramus of left second sacral nerve', 'Gray communicating ramus of right third sacral nerve', 'Gray communicating ramus of left third sacral nerve', 'Gray communicating ramus of right fourth sacral nerve', 'Gray communicating ramus of left fourth sacral nerve', 'Gray communicating ramus of right fifth sacral nerve', 'Gray communicating ramus of left fifth sacral nerve', 'Hepatic branch of anterior vagal trunk', 'Coeliac branch of posterior vagal trunk', 'Pyloric branch of greater posterior gastric nerve', 'Greater anterior gastric nerve', 'Greater posterior gastric nerve', 'Inferior cervical cardiac branch of right vagus nerve to deep cardiac plexus', 'Inferior cervical cardiac branch of left vagus nerve to superficial cardiac plexus', 'Right fourth intercostal nerve', 'Left fourth intercostal nerve', 'Right fifth intercostal nerve', 'Left fifth intercostal nerve', 'Right sixth intercostal nerve', 'Left sixth intercostal nerve', 'Right seventh intercostal nerve', 'Left seventh intercostal nerve', 'Right eighth intercostal nerve', 'Left eighth intercostal nerve', 'Right ninth intercostal nerve', 'Left ninth intercostal nerve', 'Right tenth intercostal nerve', 'Left tenth intercostal nerve', 'Right eleventh intercostal nerve', 'Left eleventh intercostal nerve', 'Gray communicating ramus of left second intercostal nerve', 'Gray communicating ramus of left fourth intercostal nerve', 'Gray communicating ramus of right fourth intercostal nerve', 'Gray communicating ramus of left fifth intercostal nerve', 'Gray communicating ramus of right fifth intercostal nerve', 'Gray communicating ramus of right sixth intercostal nerve', 'Gray communicating ramus of left sixth intercostal nerve', 'White communicating ramus of right fourth intercostal nerve', 'White communicating ramus of left fourth intercostal nerve', 'White communicating ramus of right fifth intercostal nerve', 'White communicating ramus of left fifth intercostal nerve', 'White communicating ramus of right sixth intercostal nerve', 'White communicating ramus of left sixth intercostal nerve', 'White communicating ramus of right seventh intercostal nerve', 'White communicating ramus of left seventh intercostal nerve', 'White communicating ramus of right eighth intercostal nerve', 'White communicating ramus of left eighth intercostal nerve', 'White communicating ramus of right ninth intercostal nerve', 'White communicating ramus of left ninth intercostal nerve', 'White communicating ramus of right tenth intercostal nerve', 'White communicating ramus of left tenth intercostal nerve', 'White communicating ramus of right eleventh intercostal nerve', 'White communicating ramus of left eleventh intercostal nerve', 'White communicating ramus of right second intercostal nerve', 'Posterior ramus of right fourth thoracic nerve', 'Posterior ramus of left fourth thoracic nerve', 'Posterior ramus of right second cervical nerve', 'Posterior ramus of left second cervical nerve', 'Left greater occipital nerve', 'Posterior ramus of right third cervical nerve', 'Medial branch of posterior ramus of right third cervical nerve', 'Right third occipital nerve', 'Posterior ramus of left third cervical nerve', 'Medial branch of posterior ramus of left third cervical nerve', 'Left third occipital nerve', 'Gray communicating ramus of right seventh intercostal nerve', 'Gray communicating ramus of left seventh intercostal nerve', 'Gray communicating ramus of right eighth intercostal nerve', 'Gray communicating ramus of left eighth intercostal nerve', 'Gray communicating ramus of right ninth intercostal nerve', 'Gray communicating ramus of left ninth intercostal nerve', 'Gray communicating ramus of right tenth intercostal nerve', 'Gray communicating ramus of left tenth intercostal nerve', 'Gray communicating ramus of right eleventh intercostal nerve', 'Gray communicating ramus of left eleventh intercostal nerve', 'Posterior ramus of right first lumbar nerve', 'Posterior ramus of left first lumbar nerve', 'Anterior cutaneous branch of second intercostal nerve', 'Anterior branch of lateral cutaneous branch of right third intercostal nerve', 'Anterior branch of lateral cutaneous branch of left third intercostal nerve', 'Posterior branch of lateral cutaneous branch of right third intercostal nerve', 'Posterior branch of lateral cutaneous branch of left third intercostal nerve', 'Anterior cutaneous branch of right fourth intercostal nerve', 'Anterior cutaneous branch of left fourth intercostal nerve', 'Anterior branch of lateral cutaneous branch of right fourth intercostal nerve', 'Anterior branch of lateral cutaneous branch of left fourth intercostal nerve', 'Posterior branch of lateral cutaneous branch of right fourth intercostal nerve', 'Posterior branch of lateral cutaneous branch of left fourth intercostal nerve', 'Anterior cutaneous branch of right fifth intercostal nerve', 'Anterior cutaneous branch of left fifth intercostal nerve', 'Anterior branch of lateral cutaneous branch of right fifth intercostal nerve', 'Anterior branch of lateral cutaneous branch of left fifth intercostal nerve', 'Posterior branch of lateral cutaneous branch of right fifth intercostal nerve', 'Posterior branch of lateral cutaneous branch of left fifth intercostal nerve', 'Anterior cutaneous branch of right eleventh intercostal nerve', 'Anterior cutaneous branch of left eleventh intercostal nerve', 'Anterior branch of lateral cutaneous branch of right eleventh intercostal nerve', 'Anterior branch of lateral cutaneous branch of left eleventh intercostal nerve', 'Posterior branch of lateral cutaneous branch of right eleventh intercostal nerve', 'Posterior branch of lateral cutaneous branch of left eleventh intercostal nerve', 'Right medial supraclavicular nerve', 'Left medial supraclavicular nerve', 'Right intermediate supraclavicular nerve', 'Left intermediate supraclavicular nerve', 'Right lateral supraclavicular nerve', 'Left lateral supraclavicular nerve', 'Medial proper plantar digital nerve of right fourth toe', 'Medial proper plantar digital nerve of left fourth toe', 'Anterior branch of right axillary nerve', 'Anterior branch of left axillary nerve', 'Posterior branch of right axillary nerve', 'Posterior branch of left axillary nerve', 'Superior lateral cutaneous nerve of right arm', 'Superior lateral cutaneous nerve of left arm', 'Right long ciliary nerve', 'Left long ciliary nerve', 'Medial proper digital nerve of right big toe', 'Medial proper digital nerve of left big toe', 'Lateral proper digital nerve of right big toe', 'Lateral proper digital nerve of left big toe', 'Medial proper plantar digital nerve of right second toe', 'Medial proper plantar digital nerve of left second toe', 'Lateral proper plantar digital nerve of right second toe', 'Lateral proper plantar digital nerve of left second toe', 'Medial proper plantar digital nerve of right third toe', 'Medial proper plantar digital nerve of left third toe', 'Lateral proper plantar digital nerve of right third toe', 'Lateral proper plantar digital nerve of left third toe', 'Anterior ramus of right eighth cervical nerve', 'Anterior ramus of left eighth cervical nerve', 'Anterior ramus of right seventh cervical nerve', 'Anterior ramus of left seventh cervical nerve', 'Anterior ramus of right sixth cervical nerve', 'Anterior ramus of left sixth cervical nerve', 'Anterior ramus of right fifth cervical nerve', 'Anterior ramus of left fifth cervical nerve', 'Posterior ramus of right fourth cervical nerve', 'Posterior ramus of left fourth cervical nerve', 'Posterior ramus of right fifth cervical nerve', 'Posterior ramus of left fifth cervical nerve', 'Posterior ramus of right sixth cervical nerve', 'Posterior ramus of left sixth cervical nerve', 'Posterior ramus of right third thoracic nerve', 'Posterior ramus of right fifth thoracic nerve', 'Posterior ramus of left fifth thoracic nerve', 'Posterior ramus of right sixth thoracic nerve', 'Posterior ramus of left sixth thoracic nerve', 'Posterior ramus of right seventh thoracic nerve', 'Posterior ramus of left seventh thoracic nerve', 'Posterior ramus of right eighth thoracic nerve', 'Posterior ramus of left eighth thoracic nerve', 'Posterior ramus of right ninth thoracic nerve', 'Posterior ramus of left ninth thoracic nerve', 'Posterior ramus of right tenth thoracic nerve', 'Posterior ramus of left tenth thoracic nerve', 'Posterior ramus of right eleventh thoracic nerve', 'Posterior ramus of left eleventh thoracic nerve', 'Posterior ramus of right twelfth thoracic nerve', 'Posterior ramus of left twelfth thoracic nerve', 'Posterior ramus of right second lumbar nerve', 'Posterior ramus of left second lumbar nerve', 'Posterior ramus of right third lumbar nerve', 'Posterior ramus of left third lumbar nerve', 'Anterior cutaneous branch of right sixth intercostal nerve', 'Anterior cutaneous branch of left sixth intercostal nerve', 'Anterior branch of lateral cutaneous branch of right sixth intercostal nerve', 'Anterior branch of lateral cutaneous branch of left sixth intercostal nerve', 'Posterior branch of lateral cutaneous branch of right sixth intercostal nerve', 'Posterior branch of lateral cutaneous branch of left sixth intercostal nerve', 'Anterior cutaneous branch of right seventh intercostal nerve', 'Anterior cutaneous branch of left seventh intercostal nerve', 'Anterior branch of lateral cutaneous branch of right seventh intercostal nerve', 'Anterior branch of lateral cutaneous branch of left seventh intercostal nerve', 'Posterior branch of lateral cutaneous branch of right seventh intercostal nerve', 'Posterior branch of lateral cutaneous branch of left seventh intercostal nerve', 'Anterior cutaneous branch of right eighth intercostal nerve', 'Anterior cutaneous branch of left eighth intercostal nerve', 'Anterior branch of lateral cutaneous branch of right eighth intercostal nerve', 'Anterior branch of lateral cutaneous branch of left eighth intercostal nerve', 'Posterior branch of lateral cutaneous branch of right eighth intercostal nerve', 'Posterior branch of lateral cutaneous branch of left eighth intercostal nerve', 'Anterior cutaneous branch of right ninth intercostal nerve', 'Anterior cutaneous branch of left ninth intercostal nerve', 'Anterior branch of lateral cutaneous branch of right ninth intercostal nerve', 'Anterior branch of lateral cutaneous branch of left ninth intercostal nerve', 'Posterior branch of lateral cutaneous branch of right ninth intercostal nerve', 'Posterior branch of lateral cutaneous branch of left ninth intercostal nerve', 'Anterior cutaneous branch of right tenth intercostal nerve', 'Anterior cutaneous branch of left tenth intercostal nerve', 'Anterior branch of lateral cutaneous branch of right tenth intercostal nerve', 'Anterior branch of lateral cutaneous branch of left tenth intercostal nerve', 'Posterior branch of lateral cutaneous branch of right tenth intercostal nerve', 'Posterior branch of lateral cutaneous branch of left tenth intercostal nerve', 'Anterior cutaneous branch of right subcostal nerve', 'Anterior cutaneous branch of left subcostal nerve', 'Lateral cutaneous branch of right subcostal nerve', 'Lateral cutaneous branch of left subcostal nerve', 'Anterior cutaneous branch of left first intercostal nerve', 'left recurrent laryngeal nerve', 'right recurrent laryngeal nerve']"
